name,source_url,face_shape,vibe,cute_level,dark_level,power_level,description,image_url
달팽이,https://mapledb.kr/search.php?q=100100&t=mob,round,cute,5,3,5,달팽이의 외형과 분위기를 기반으로 한 메이플 몬스터 후보,https://maplestory.io/api/gms/62/mob/100100/icon?resize=2
파란 달팽이,https://mapledb.kr/search.php?q=100101&t=mob,round,cute,5,3,5,파란 달팽이의 외형과 분위기를 기반으로 한 메이플 몬스터 후보,https://maplestory.io/api/gms/62/mob/100100/icon?resize=2
스포아,https://mapledb.kr/search.php?q=120100&t=mob,round,cute,5,3,5,스포아의 외형과 분위기를 기반으로 한 메이플 몬스터 후보,https://maplestory.io/api/gms/62/mob/100100/icon?resize=2
스텀프,https://mapledb.kr/search.php?q=130100&t=mob,round,cute,5,3,5,스텀프의 외형과 분위기를 기반으로 한 메이플 몬스터 후보,https://maplestory.io/api/gms/62/mob/100100/icon?resize=2
빨간 달팽이,https://mapledb.kr/search.php?q=130101&t=mob,round,cute,5,3,5,빨간 달팽이의 외형과 분위기를 기반으로 한 메이플 몬스터 후보,https://maplestory.io/api/gms/62/mob/100100/icon?resize=2
슬라임,https://mapledb.kr/search.php?q=210100&t=mob,round,cute,5,3,5,슬라임의 외형과 분위기를 기반으로 한 메이플 몬스터 후보,https://maplestory.io/api/gms/62/mob/100100/icon?resize=2
초록버섯,https://mapledb.kr/search.php?q=1110100&t=mob,round,cute,5,3,5,초록버섯의 외형과 분위기를 기반으로 한 메이플 몬스터 후보,https://maplestory.io/api/gms/62/mob/100100/icon?resize=2
다크 스텀프,https://mapledb.kr/search.php?q=1110101&t=mob,round,cute,5,3,5,다크 스텀프의 외형과 분위기를 기반으로 한 메이플 몬스터 후보,https://maplestory.io/api/gms/62/mob/100100/icon?resize=2
옥토퍼스,https://mapledb.kr/search.php?q=1120100&t=mob,round,cute,5,3,5,옥토퍼스의 외형과 분위기를 기반으로 한 메이플 몬스터 후보,https://maplestory.io/api/gms/62/mob/100100/icon?resize=2
엑스텀프,https://mapledb.kr/search.php?q=1130100&t=mob,round,cute,5,3,5,엑스텀프의 외형과 분위기를 기반으로 한 메이플 몬스터 후보,https://maplestory.io/api/gms/62/mob/100100/icon?resize=2
고스텀프,https://mapledb.kr/search.php?q=1140100&t=mob,round,cute,5,3,5,고스텀프의 외형과 분위기를 기반으로 한 메이플 몬스터 후보,https://maplestory.io/api/gms/62/mob/100100/icon?resize=2
돼지,https://mapledb.kr/search.php?q=1210100&t=mob,round,cute,5,3,5,돼지의 외형과 분위기를 기반으로 한 메이플 몬스터 후보,https://maplestory.io/api/gms/62/mob/100100/icon?resize=2
리본 돼지,https://mapledb.kr/search.php?q=1210101&t=mob,round,cute,5,3,5,리본 돼지의 외형과 분위기를 기반으로 한 메이플 몬스터 후보,https://maplestory.io/api/gms/62/mob/100100/icon?resize=2
주황버섯,https://mapledb.kr/search.php?q=1210102&t=mob,round,cute,5,3,5,주황버섯의 외형과 분위기를 기반으로 한 메이플 몬스터 후보,https://maplestory.io/api/gms/62/mob/100100/icon?resize=2
버블링,https://mapledb.kr/search.php?q=1210103&t=mob,round,cute,5,3,5,버블링의 외형과 분위기를 기반으로 한 메이플 몬스터 후보,https://maplestory.io/api/gms/62/mob/100100/icon?resize=2
흰 모래토끼,https://mapledb.kr/search.php?q=2100100&t=mob,round,cute,5,3,5,흰 모래토끼의 외형과 분위기를 기반으로 한 메이플 몬스터 후보,https://maplestory.io/api/gms/62/mob/100100/icon?resize=2
갈색 모래토끼,https://mapledb.kr/search.php?q=2100101&t=mob,round,cute,5,3,5,갈색 모래토끼의 외형과 분위기를 기반으로 한 메이플 몬스터 후보,https://maplestory.io/api/gms/62/mob/100100/icon?resize=2
주니어 카투스,https://mapledb.kr/search.php?q=2100102&t=mob,round,cute,5,3,5,주니어 카투스의 외형과 분위기를 기반으로 한 메이플 몬스터 후보,https://maplestory.io/api/gms/62/mob/100100/icon?resize=2
카투스,https://mapledb.kr/search.php?q=2100103&t=mob,round,cute,5,3,5,카투스의 외형과 분위기를 기반으로 한 메이플 몬스터 후보,https://maplestory.io/api/gms/62/mob/100100/icon?resize=2
로얄 카투스,https://mapledb.kr/search.php?q=2100104&t=mob,round,cute,5,3,5,로얄 카투스의 외형과 분위기를 기반으로 한 메이플 몬스터 후보,https://maplestory.io/api/gms/62/mob/100100/icon?resize=2
벨라모아,https://mapledb.kr/search.php?q=2100105&t=mob,round,cute,5,3,5,벨라모아의 외형과 분위기를 기반으로 한 메이플 몬스터 후보,https://maplestory.io/api/gms/62/mob/100100/icon?resize=2
귀마개 프릴드,https://mapledb.kr/search.php?q=2100106&t=mob,round,cute,5,3,5,귀마개 프릴드의 외형과 분위기를 기반으로 한 메이플 몬스터 후보,https://maplestory.io/api/gms/62/mob/100100/icon?resize=2
목도리 프릴드,https://mapledb.kr/search.php?q=2100107&t=mob,round,cute,5,3,5,목도리 프릴드의 외형과 분위기를 기반으로 한 메이플 몬스터 후보,https://maplestory.io/api/gms/62/mob/100100/icon?resize=2
미요캐츠,https://mapledb.kr/search.php?q=2100108&t=mob,round,cute,5,3,5,미요캐츠의 외형과 분위기를 기반으로 한 메이플 몬스터 후보,https://maplestory.io/api/gms/62/mob/100100/icon?resize=2
뿔버섯,https://mapledb.kr/search.php?q=2110200&t=mob,round,cute,5,3,5,뿔버섯의 외형과 분위기를 기반으로 한 메이플 몬스터 후보,https://maplestory.io/api/gms/62/mob/100100/icon?resize=2
모래 두더지,https://mapledb.kr/search.php?q=2110300&t=mob,round,cute,5,3,5,모래 두더지의 외형과 분위기를 기반으로 한 메이플 몬스터 후보,https://maplestory.io/api/gms/62/mob/100100/icon?resize=2
스콜피언,https://mapledb.kr/search.php?q=2110301&t=mob,round,cute,5,3,5,스콜피언의 외형과 분위기를 기반으로 한 메이플 몬스터 후보,https://maplestory.io/api/gms/62/mob/100100/icon?resize=2
다크 엑스텀프,https://mapledb.kr/search.php?q=2130100&t=mob,round,cute,5,3,5,다크 엑스텀프의 외형과 분위기를 기반으로 한 메이플 몬스터 후보,https://maplestory.io/api/gms/62/mob/100100/icon?resize=2
주니어 네키,https://mapledb.kr/search.php?q=2130103&t=mob,round,cute,5,3,5,주니어 네키의 외형과 분위기를 기반으로 한 메이플 몬스터 후보,https://maplestory.io/api/gms/62/mob/100100/icon?resize=2
마노,https://mapledb.kr/search.php?q=2220000&t=mob,round,cute,5,3,5,마노의 외형과 분위기를 기반으로 한 메이플 몬스터 후보,https://maplestory.io/api/gms/62/mob/100100/icon?resize=2
파란버섯,https://mapledb.kr/search.php?q=2220100&t=mob,round,cute,5,3,5,파란버섯의 외형과 분위기를 기반으로 한 메이플 몬스터 후보,https://maplestory.io/api/gms/62/mob/100100/icon?resize=2
이블아이,https://mapledb.kr/search.php?q=2230100&t=mob,round,cute,5,3,5,이블아이의 외형과 분위기를 기반으로 한 메이플 몬스터 후보,https://maplestory.io/api/gms/62/mob/100100/icon?resize=2
좀비버섯,https://mapledb.kr/search.php?q=2230101&t=mob,round,cute,5,3,5,좀비버섯의 외형과 분위기를 기반으로 한 메이플 몬스터 후보,https://maplestory.io/api/gms/62/mob/100100/icon?resize=2
와일드보어,https://mapledb.kr/search.php?q=2230102&t=mob,round,cute,5,3,5,와일드보어의 외형과 분위기를 기반으로 한 메이플 몬스터 후보,https://maplestory.io/api/gms/62/mob/100100/icon?resize=2
트릭스터,https://mapledb.kr/search.php?q=2230103&t=mob,round,cute,5,3,5,트릭스터의 외형과 분위기를 기반으로 한 메이플 몬스터 후보,https://maplestory.io/api/gms/62/mob/100100/icon?resize=2
그린 트릭스터,https://mapledb.kr/search.php?q=2230104&t=mob,round,cute,5,3,5,그린 트릭스터의 외형과 분위기를 기반으로 한 메이플 몬스터 후보,https://maplestory.io/api/gms/62/mob/100100/icon?resize=2
씨클,https://mapledb.kr/search.php?q=2230105&t=mob,round,cute,5,3,5,씨클의 외형과 분위기를 기반으로 한 메이플 몬스터 후보,https://maplestory.io/api/gms/62/mob/100100/icon?resize=2
씨코,https://mapledb.kr/search.php?q=2230106&t=mob,round,cute,5,3,5,씨코의 외형과 분위기를 기반으로 한 메이플 몬스터 후보,https://maplestory.io/api/gms/62/mob/100100/icon?resize=2
크라피,https://mapledb.kr/search.php?q=2230107&t=mob,round,cute,5,3,5,크라피의 외형과 분위기를 기반으로 한 메이플 몬스터 후보,https://maplestory.io/api/gms/62/mob/100100/icon?resize=2
핀붐,https://mapledb.kr/search.php?q=2230108&t=mob,round,cute,5,3,5,핀붐의 외형과 분위기를 기반으로 한 메이플 몬스터 후보,https://maplestory.io/api/gms/62/mob/100100/icon?resize=2
버블피쉬,https://mapledb.kr/search.php?q=2230109&t=mob,round,cute,5,3,5,버블피쉬의 외형과 분위기를 기반으로 한 메이플 몬스터 후보,https://maplestory.io/api/gms/62/mob/100100/icon?resize=2
우드 마스크,https://mapledb.kr/search.php?q=2230110&t=mob,round,cute,5,3,5,우드 마스크의 외형과 분위기를 기반으로 한 메이플 몬스터 후보,https://maplestory.io/api/gms/62/mob/100100/icon?resize=2
스톤 마스크,https://mapledb.kr/search.php?q=2230111&t=mob,round,cute,5,3,5,스톤 마스크의 외형과 분위기를 기반으로 한 메이플 몬스터 후보,https://maplestory.io/api/gms/62/mob/100100/icon?resize=2
플라워 피쉬,https://mapledb.kr/search.php?q=2230200&t=mob,round,cute,5,3,5,플라워 피쉬의 외형과 분위기를 기반으로 한 메이플 몬스터 후보,https://maplestory.io/api/gms/62/mob/100100/icon?resize=2
스티지,https://mapledb.kr/search.php?q=2300100&t=mob,round,cute,5,3,5,스티지의 외형과 분위기를 기반으로 한 메이플 몬스터 후보,https://maplestory.io/api/gms/62/mob/100100/icon?resize=2
스톤볼,https://mapledb.kr/search.php?q=3000000&t=mob,round,cute,5,3,5,스톤볼의 외형과 분위기를 기반으로 한 메이플 몬스터 후보,https://maplestory.io/api/gms/62/mob/100100/icon?resize=2
페어리,https://mapledb.kr/search.php?q=3000001&t=mob,round,cute,5,3,5,페어리의 외형과 분위기를 기반으로 한 메이플 몬스터 후보,https://maplestory.io/api/gms/62/mob/100100/icon?resize=2
브라운테니,https://mapledb.kr/search.php?q=3000005&t=mob,round,cute,5,3,5,브라운테니의 외형과 분위기를 기반으로 한 메이플 몬스터 후보,https://maplestory.io/api/gms/62/mob/100100/icon?resize=2
크립,https://mapledb.kr/search.php?q=3000006&t=mob,round,cute,5,3,5,크립의 외형과 분위기를 기반으로 한 메이플 몬스터 후보,https://maplestory.io/api/gms/62/mob/100100/icon?resize=2
모래난쟁이,https://mapledb.kr/search.php?q=3100101&t=mob,round,cute,5,3,5,모래난쟁이의 외형과 분위기를 기반으로 한 메이플 몬스터 후보,https://maplestory.io/api/gms/62/mob/100100/icon?resize=2
키요,https://mapledb.kr/search.php?q=3100102&t=mob,round,cute,5,3,5,키요의 외형과 분위기를 기반으로 한 메이플 몬스터 후보,https://maplestory.io/api/gms/62/mob/100100/icon?resize=2
리게이터,https://mapledb.kr/search.php?q=3110100&t=mob,round,cute,5,3,5,리게이터의 외형과 분위기를 기반으로 한 메이플 몬스터 후보,https://maplestory.io/api/gms/62/mob/100100/icon?resize=2
핑크테니,https://mapledb.kr/search.php?q=3110101&t=mob,round,cute,5,3,5,핑크테니의 외형과 분위기를 기반으로 한 메이플 몬스터 후보,https://maplestory.io/api/gms/62/mob/100100/icon?resize=2
라츠,https://mapledb.kr/search.php?q=3110102&t=mob,round,cute,5,3,5,라츠의 외형과 분위기를 기반으로 한 메이플 몬스터 후보,https://maplestory.io/api/gms/62/mob/100100/icon?resize=2
큐브슬라임,https://mapledb.kr/search.php?q=3110300&t=mob,round,cute,5,3,5,큐브슬라임의 외형과 분위기를 기반으로 한 메이플 몬스터 후보,https://maplestory.io/api/gms/62/mob/100100/icon?resize=2
붉은 모래난쟁이,https://mapledb.kr/search.php?q=3110301&t=mob,round,cute,5,3,5,붉은 모래난쟁이의 외형과 분위기를 기반으로 한 메이플 몬스터 후보,https://maplestory.io/api/gms/62/mob/100100/icon?resize=2
루모,https://mapledb.kr/search.php?q=3110302&t=mob,round,cute,5,3,5,루모의 외형과 분위기를 기반으로 한 메이플 몬스터 후보,https://maplestory.io/api/gms/62/mob/100100/icon?resize=2
트리플 루모,https://mapledb.kr/search.php?q=3110303&t=mob,round,cute,5,3,5,트리플 루모의 외형과 분위기를 기반으로 한 메이플 몬스터 후보,https://maplestory.io/api/gms/62/mob/100100/icon?resize=2
파이어보어,https://mapledb.kr/search.php?q=3210100&t=mob,round,cute,5,3,5,파이어보어의 외형과 분위기를 기반으로 한 메이플 몬스터 후보,https://maplestory.io/api/gms/62/mob/100100/icon?resize=2
주니어 샐리온,https://mapledb.kr/search.php?q=3210200&t=mob,round,cute,5,3,5,주니어 샐리온의 외형과 분위기를 기반으로 한 메이플 몬스터 후보,https://maplestory.io/api/gms/62/mob/100100/icon?resize=2
주니어 라이오너,https://mapledb.kr/search.php?q=3210201&t=mob,round,cute,5,3,5,주니어 라이오너의 외형과 분위기를 기반으로 한 메이플 몬스터 후보,https://maplestory.io/api/gms/62/mob/100100/icon?resize=2
주니어 그류핀,https://mapledb.kr/search.php?q=3210202&t=mob,round,cute,5,3,5,주니어 그류핀의 외형과 분위기를 기반으로 한 메이플 몬스터 후보,https://maplestory.io/api/gms/62/mob/100100/icon?resize=2
팬더테니,https://mapledb.kr/search.php?q=3210203&t=mob,round,cute,5,3,5,팬더테니의 외형과 분위기를 기반으로 한 메이플 몬스터 후보,https://maplestory.io/api/gms/62/mob/100100/icon?resize=2
더키 패밀리,https://mapledb.kr/search.php?q=3210204&t=mob,round,cute,5,3,5,더키 패밀리의 외형과 분위기를 기반으로 한 메이플 몬스터 후보,https://maplestory.io/api/gms/62/mob/100100/icon?resize=2
블랙 라츠,https://mapledb.kr/search.php?q=3210205&t=mob,round,cute,5,3,5,블랙 라츠의 외형과 분위기를 기반으로 한 메이플 몬스터 후보,https://maplestory.io/api/gms/62/mob/100100/icon?resize=2
치크세이버,https://mapledb.kr/search.php?q=3210206&t=mob,round,cute,5,3,5,치크세이버의 외형과 분위기를 기반으로 한 메이플 몬스터 후보,https://maplestory.io/api/gms/62/mob/100100/icon?resize=2
티키,https://mapledb.kr/search.php?q=3210207&t=mob,round,cute,5,3,5,티키의 외형과 분위기를 기반으로 한 메이플 몬스터 후보,https://maplestory.io/api/gms/62/mob/100100/icon?resize=2
레츠,https://mapledb.kr/search.php?q=3210208&t=mob,round,cute,5,3,5,레츠의 외형과 분위기를 기반으로 한 메이플 몬스터 후보,https://maplestory.io/api/gms/62/mob/100100/icon?resize=2
스쿠버 페페,https://mapledb.kr/search.php?q=3210450&t=mob,round,cute,5,3,5,스쿠버 페페의 외형과 분위기를 기반으로 한 메이플 몬스터 후보,https://maplestory.io/api/gms/62/mob/100100/icon?resize=2
루팡,https://mapledb.kr/search.php?q=3210800&t=mob,round,cute,5,3,5,루팡의 외형과 분위기를 기반으로 한 메이플 몬스터 후보,https://maplestory.io/api/gms/62/mob/100100/icon?resize=2
스텀피,https://mapledb.kr/search.php?q=3220000&t=mob,round,cute,5,3,5,스텀피의 외형과 분위기를 기반으로 한 메이플 몬스터 후보,https://maplestory.io/api/gms/62/mob/100100/icon?resize=2
데우,https://mapledb.kr/search.php?q=3220001&t=mob,round,cute,5,3,5,데우의 외형과 분위기를 기반으로 한 메이플 몬스터 후보,https://maplestory.io/api/gms/62/mob/100100/icon?resize=2
커즈아이,https://mapledb.kr/search.php?q=3230100&t=mob,round,cute,5,3,5,커즈아이의 외형과 분위기를 기반으로 한 메이플 몬스터 후보,https://maplestory.io/api/gms/62/mob/100100/icon?resize=2
주니어 레이스,https://mapledb.kr/search.php?q=3230101&t=mob,round,cute,5,3,5,주니어 레이스의 외형과 분위기를 기반으로 한 메이플 몬스터 후보,https://maplestory.io/api/gms/62/mob/100100/icon?resize=2
로랑,https://mapledb.kr/search.php?q=3230102&t=mob,round,cute,5,3,5,로랑의 외형과 분위기를 기반으로 한 메이플 몬스터 후보,https://maplestory.io/api/gms/62/mob/100100/icon?resize=2
킹 블록퍼스,https://mapledb.kr/search.php?q=3230103&t=mob,round,cute,5,3,5,킹 블록퍼스의 외형과 분위기를 기반으로 한 메이플 몬스터 후보,https://maplestory.io/api/gms/62/mob/100100/icon?resize=2
마스크피쉬,https://mapledb.kr/search.php?q=3230104&t=mob,round,cute,5,3,5,마스크피쉬의 외형과 분위기를 기반으로 한 메이플 몬스터 후보,https://maplestory.io/api/gms/62/mob/100100/icon?resize=2
스타픽시,https://mapledb.kr/search.php?q=3230200&t=mob,round,cute,5,3,5,스타픽시의 외형과 분위기를 기반으로 한 메이플 몬스터 후보,https://maplestory.io/api/gms/62/mob/100100/icon?resize=2
주니어 부기,https://mapledb.kr/search.php?q=3230300&t=mob,round,cute,5,3,5,주니어 부기의 외형과 분위기를 기반으로 한 메이플 몬스터 후보,https://maplestory.io/api/gms/62/mob/100100/icon?resize=2
블록퍼스,https://mapledb.kr/search.php?q=3230302&t=mob,round,cute,5,3,5,블록퍼스의 외형과 분위기를 기반으로 한 메이플 몬스터 후보,https://maplestory.io/api/gms/62/mob/100100/icon?resize=2
핑크세이버,https://mapledb.kr/search.php?q=3230303&t=mob,round,cute,5,3,5,핑크세이버의 외형과 분위기를 기반으로 한 메이플 몬스터 후보,https://maplestory.io/api/gms/62/mob/100100/icon?resize=2
스카이세이버,https://mapledb.kr/search.php?q=3230304&t=mob,round,cute,5,3,5,스카이세이버의 외형과 분위기를 기반으로 한 메이플 몬스터 후보,https://maplestory.io/api/gms/62/mob/100100/icon?resize=2
장난감 목마,https://mapledb.kr/search.php?q=3230305&t=mob,round,cute,5,3,5,장난감 목마의 외형과 분위기를 기반으로 한 메이플 몬스터 후보,https://maplestory.io/api/gms/62/mob/100100/icon?resize=2
크로노스,https://mapledb.kr/search.php?q=3230306&t=mob,round,cute,5,3,5,크로노스의 외형과 분위기를 기반으로 한 메이플 몬스터 후보,https://maplestory.io/api/gms/62/mob/100100/icon?resize=2
처프,https://mapledb.kr/search.php?q=3230307&t=mob,round,cute,5,3,5,처프의 외형과 분위기를 기반으로 한 메이플 몬스터 후보,https://maplestory.io/api/gms/62/mob/100100/icon?resize=2
트위터,https://mapledb.kr/search.php?q=3230308&t=mob,round,cute,5,3,5,트위터의 외형과 분위기를 기반으로 한 메이플 몬스터 후보,https://maplestory.io/api/gms/62/mob/100100/icon?resize=2
북치는 토끼,https://mapledb.kr/search.php?q=3230400&t=mob,round,cute,5,3,5,북치는 토끼의 외형과 분위기를 기반으로 한 메이플 몬스터 후보,https://maplestory.io/api/gms/62/mob/100100/icon?resize=2
주니어 씰,https://mapledb.kr/search.php?q=3230405&t=mob,round,cute,5,3,5,주니어 씰의 외형과 분위기를 기반으로 한 메이플 몬스터 후보,https://maplestory.io/api/gms/62/mob/100100/icon?resize=2
아이언 호그(히든),https://mapledb.kr/search.php?q=4090000&t=mob,round,cute,5,3,5,아이언 호그(히든)의 외형과 분위기를 기반으로 한 메이플 몬스터 후보,https://maplestory.io/api/gms/62/mob/100100/icon?resize=2
아이언 뮤테,https://mapledb.kr/search.php?q=4110300&t=mob,round,cute,5,3,5,아이언 뮤테의 외형과 분위기를 기반으로 한 메이플 몬스터 후보,https://maplestory.io/api/gms/62/mob/100100/icon?resize=2
강화된 아이언 뮤테,https://mapledb.kr/search.php?q=4110301&t=mob,round,cute,5,3,5,강화된 아이언 뮤테의 외형과 분위기를 기반으로 한 메이플 몬스터 후보,https://maplestory.io/api/gms/62/mob/100100/icon?resize=2
미스릴 뮤테,https://mapledb.kr/search.php?q=4110302&t=mob,round,cute,5,3,5,미스릴 뮤테의 외형과 분위기를 기반으로 한 메이플 몬스터 후보,https://maplestory.io/api/gms/62/mob/100100/icon?resize=2
카파 드레이크,https://mapledb.kr/search.php?q=4130100&t=mob,round,cute,5,3,5,카파 드레이크의 외형과 분위기를 기반으로 한 메이플 몬스터 후보,https://maplestory.io/api/gms/62/mob/100100/icon?resize=2
엄티,https://mapledb.kr/search.php?q=4130101&t=mob,round,cute,5,3,5,엄티의 외형과 분위기를 기반으로 한 메이플 몬스터 후보,https://maplestory.io/api/gms/62/mob/100100/icon?resize=2
다크 네펜데스,https://mapledb.kr/search.php?q=4130102&t=mob,round,cute,5,3,5,다크 네펜데스의 외형과 분위기를 기반으로 한 메이플 몬스터 후보,https://maplestory.io/api/gms/62/mob/100100/icon?resize=2
롬바드,https://mapledb.kr/search.php?q=4130103&t=mob,round,cute,5,3,5,롬바드의 외형과 분위기를 기반으로 한 메이플 몬스터 후보,https://maplestory.io/api/gms/62/mob/100100/icon?resize=2
세르프,https://mapledb.kr/search.php?q=4220000&t=mob,round,cute,5,3,5,세르프의 외형과 분위기를 기반으로 한 메이플 몬스터 후보,https://maplestory.io/api/gms/62/mob/100100/icon?resize=2
콜드아이,https://mapledb.kr/search.php?q=4230100&t=mob,round,cute,5,3,5,콜드아이의 외형과 분위기를 기반으로 한 메이플 몬스터 후보,https://maplestory.io/api/gms/62/mob/100100/icon?resize=2
좀비루팡,https://mapledb.kr/search.php?q=4230101&t=mob,round,cute,5,3,5,좀비루팡의 외형과 분위기를 기반으로 한 메이플 몬스터 후보,https://maplestory.io/api/gms/62/mob/100100/icon?resize=2
레이스,https://mapledb.kr/search.php?q=4230102&t=mob,round,cute,5,3,5,레이스의 외형과 분위기를 기반으로 한 메이플 몬스터 후보,https://maplestory.io/api/gms/62/mob/100100/icon?resize=2
아이언 호그,https://mapledb.kr/search.php?q=4230103&t=mob,round,cute,5,3,5,아이언 호그의 외형과 분위기를 기반으로 한 메이플 몬스터 후보,https://maplestory.io/api/gms/62/mob/100100/icon?resize=2
클랑,https://mapledb.kr/search.php?q=4230104&t=mob,round,cute,5,3,5,클랑의 외형과 분위기를 기반으로 한 메이플 몬스터 후보,https://maplestory.io/api/gms/62/mob/100100/icon?resize=2
네펜데스,https://mapledb.kr/search.php?q=4230105&t=mob,round,cute,5,3,5,네펜데스의 외형과 분위기를 기반으로 한 메이플 몬스터 후보,https://maplestory.io/api/gms/62/mob/100100/icon?resize=2
루나픽시,https://mapledb.kr/search.php?q=4230106&t=mob,round,cute,5,3,5,루나픽시의 외형과 분위기를 기반으로 한 메이플 몬스터 후보,https://maplestory.io/api/gms/62/mob/100100/icon?resize=2
플라이아이,https://mapledb.kr/search.php?q=4230107&t=mob,round,cute,5,3,5,플라이아이의 외형과 분위기를 기반으로 한 메이플 몬스터 후보,https://maplestory.io/api/gms/62/mob/100100/icon?resize=2
주니어 불독,https://mapledb.kr/search.php?q=4230108&t=mob,round,cute,5,3,5,주니어 불독의 외형과 분위기를 기반으로 한 메이플 몬스터 후보,https://maplestory.io/api/gms/62/mob/100100/icon?resize=2
블록골렘,https://mapledb.kr/search.php?q=4230109&t=mob,round,cute,5,3,5,블록골렘의 외형과 분위기를 기반으로 한 메이플 몬스터 후보,https://maplestory.io/api/gms/62/mob/100100/icon?resize=2
킹 블록골렘,https://mapledb.kr/search.php?q=4230110&t=mob,round,cute,5,3,5,킹 블록골렘의 외형과 분위기를 기반으로 한 메이플 몬스터 후보,https://maplestory.io/api/gms/62/mob/100100/icon?resize=2
로보토이,https://mapledb.kr/search.php?q=4230111&t=mob,round,cute,5,3,5,로보토이의 외형과 분위기를 기반으로 한 메이플 몬스터 후보,https://maplestory.io/api/gms/62/mob/100100/icon?resize=2
마스터 로보,https://mapledb.kr/search.php?q=4230112&t=mob,round,cute,5,3,5,마스터 로보의 외형과 분위기를 기반으로 한 메이플 몬스터 후보,https://maplestory.io/api/gms/62/mob/100100/icon?resize=2
틱톡,https://mapledb.kr/search.php?q=4230113&t=mob,round,cute,5,3,5,틱톡의 외형과 분위기를 기반으로 한 메이플 몬스터 후보,https://maplestory.io/api/gms/62/mob/100100/icon?resize=2
플래툰 크로노스,https://mapledb.kr/search.php?q=4230114&t=mob,round,cute,5,3,5,플래툰 크로노스의 외형과 분위기를 기반으로 한 메이플 몬스터 후보,https://maplestory.io/api/gms/62/mob/100100/icon?resize=2
마스터 크로노스,https://mapledb.kr/search.php?q=4230115&t=mob,round,cute,5,3,5,마스터 크로노스의 외형과 분위기를 기반으로 한 메이플 몬스터 후보,https://maplestory.io/api/gms/62/mob/100100/icon?resize=2
바나드 그레이,https://mapledb.kr/search.php?q=4230116&t=mob,round,cute,5,3,5,바나드 그레이의 외형과 분위기를 기반으로 한 메이플 몬스터 후보,https://maplestory.io/api/gms/62/mob/100100/icon?resize=2
제타 그레이,https://mapledb.kr/search.php?q=4230117&t=mob,round,cute,5,3,5,제타 그레이의 외형과 분위기를 기반으로 한 메이플 몬스터 후보,https://maplestory.io/api/gms/62/mob/100100/icon?resize=2
울트라 그레이,https://mapledb.kr/search.php?q=4230118&t=mob,round,cute,5,3,5,울트라 그레이의 외형과 분위기를 기반으로 한 메이플 몬스터 후보,https://maplestory.io/api/gms/62/mob/100100/icon?resize=2
마티안,https://mapledb.kr/search.php?q=4230119&t=mob,round,cute,5,3,5,마티안의 외형과 분위기를 기반으로 한 메이플 몬스터 후보,https://maplestory.io/api/gms/62/mob/100100/icon?resize=2
플라티안,https://mapledb.kr/search.php?q=4230120&t=mob,round,cute,5,3,5,플라티안의 외형과 분위기를 기반으로 한 메이플 몬스터 후보,https://maplestory.io/api/gms/62/mob/100100/icon?resize=2
메카티안,https://mapledb.kr/search.php?q=4230121&t=mob,round,cute,5,3,5,메카티안의 외형과 분위기를 기반으로 한 메이플 몬스터 후보,https://maplestory.io/api/gms/62/mob/100100/icon?resize=2
스파커,https://mapledb.kr/search.php?q=4230123&t=mob,round,cute,5,3,5,스파커의 외형과 분위기를 기반으로 한 메이플 몬스터 후보,https://maplestory.io/api/gms/62/mob/100100/icon?resize=2
프리져,https://mapledb.kr/search.php?q=4230124&t=mob,round,cute,5,3,5,프리져의 외형과 분위기를 기반으로 한 메이플 몬스터 후보,https://maplestory.io/api/gms/62/mob/100100/icon?resize=2
스켈독,https://mapledb.kr/search.php?q=4230125&t=mob,round,cute,5,3,5,스켈독의 외형과 분위기를 기반으로 한 메이플 몬스터 후보,https://maplestory.io/api/gms/62/mob/100100/icon?resize=2
머미독,https://mapledb.kr/search.php?q=4230126&t=mob,round,cute,5,3,5,머미독의 외형과 분위기를 기반으로 한 메이플 몬스터 후보,https://maplestory.io/api/gms/62/mob/100100/icon?resize=2
푸퍼,https://mapledb.kr/search.php?q=4230200&t=mob,round,cute,5,3,5,푸퍼의 외형과 분위기를 기반으로 한 메이플 몬스터 후보,https://maplestory.io/api/gms/62/mob/100100/icon?resize=2
포이즌 푸퍼,https://mapledb.kr/search.php?q=4230201&t=mob,round,cute,5,3,5,포이즌 푸퍼의 외형과 분위기를 기반으로 한 메이플 몬스터 후보,https://maplestory.io/api/gms/62/mob/100100/icon?resize=2
월묘,https://mapledb.kr/search.php?q=4230300&t=mob,round,cute,5,3,5,월묘의 외형과 분위기를 기반으로 한 메이플 몬스터 후보,https://maplestory.io/api/gms/62/mob/100100/icon?resize=2
아이언보어,https://mapledb.kr/search.php?q=4230400&t=mob,round,cute,5,3,5,아이언보어의 외형과 분위기를 기반으로 한 메이플 몬스터 후보,https://maplestory.io/api/gms/62/mob/100100/icon?resize=2
별다람쥐,https://mapledb.kr/search.php?q=4230500&t=mob,round,cute,5,3,5,별다람쥐의 외형과 분위기를 기반으로 한 메이플 몬스터 후보,https://maplestory.io/api/gms/62/mob/100100/icon?resize=2
호저,https://mapledb.kr/search.php?q=4230501&t=mob,round,cute,5,3,5,호저의 외형과 분위기를 기반으로 한 메이플 몬스터 후보,https://maplestory.io/api/gms/62/mob/100100/icon?resize=2
흑저,https://mapledb.kr/search.php?q=4230502&t=mob,round,cute,5,3,5,흑저의 외형과 분위기를 기반으로 한 메이플 몬스터 후보,https://maplestory.io/api/gms/62/mob/100100/icon?resize=2
청화사,https://mapledb.kr/search.php?q=4230503&t=mob,round,cute,5,3,5,청화사의 외형과 분위기를 기반으로 한 메이플 몬스터 후보,https://maplestory.io/api/gms/62/mob/100100/icon?resize=2
홍화사,https://mapledb.kr/search.php?q=4230504&t=mob,round,cute,5,3,5,홍화사의 외형과 분위기를 기반으로 한 메이플 몬스터 후보,https://maplestory.io/api/gms/62/mob/100100/icon?resize=2
단지,https://mapledb.kr/search.php?q=4230505&t=mob,round,cute,5,3,5,단지의 외형과 분위기를 기반으로 한 메이플 몬스터 후보,https://maplestory.io/api/gms/62/mob/100100/icon?resize=2
삼단지,https://mapledb.kr/search.php?q=4230506&t=mob,round,cute,5,3,5,삼단지의 외형과 분위기를 기반으로 한 메이플 몬스터 후보,https://maplestory.io/api/gms/62/mob/100100/icon?resize=2
모래거인,https://mapledb.kr/search.php?q=4230600&t=mob,round,cute,5,3,5,모래거인의 외형과 분위기를 기반으로 한 메이플 몬스터 후보,https://maplestory.io/api/gms/62/mob/100100/icon?resize=2
원로 그레이,https://mapledb.kr/search.php?q=4240000&t=mob,round,cute,5,3,5,원로 그레이의 외형과 분위기를 기반으로 한 메이플 몬스터 후보,https://maplestory.io/api/gms/62/mob/100100/icon?resize=2
이끼 달팽이,https://mapledb.kr/search.php?q=4250000&t=mob,round,cute,5,3,5,이끼 달팽이의 외형과 분위기를 기반으로 한 메이플 몬스터 후보,https://maplestory.io/api/gms/62/mob/100100/icon?resize=2
트리로드,https://mapledb.kr/search.php?q=4250001&t=mob,round,cute,5,3,5,트리로드의 외형과 분위기를 기반으로 한 메이플 몬스터 후보,https://maplestory.io/api/gms/62/mob/100100/icon?resize=2
셰이드,https://mapledb.kr/search.php?q=5090000&t=mob,round,cute,5,3,5,셰이드의 외형과 분위기를 기반으로 한 메이플 몬스터 후보,https://maplestory.io/api/gms/62/mob/100100/icon?resize=2
선인인형,https://mapledb.kr/search.php?q=5090001&t=mob,round,cute,5,3,5,선인인형의 외형과 분위기를 기반으로 한 메이플 몬스터 후보,https://maplestory.io/api/gms/62/mob/100100/icon?resize=2
주니어 예티,https://mapledb.kr/search.php?q=5100000&t=mob,round,cute,5,3,5,주니어 예티의 외형과 분위기를 기반으로 한 메이플 몬스터 후보,https://maplestory.io/api/gms/62/mob/100100/icon?resize=2
파이어봄,https://mapledb.kr/search.php?q=5100002&t=mob,round,cute,5,3,5,파이어봄의 외형과 분위기를 기반으로 한 메이플 몬스터 후보,https://maplestory.io/api/gms/62/mob/100100/icon?resize=2
호돌이,https://mapledb.kr/search.php?q=5100003&t=mob,round,cute,5,3,5,호돌이의 외형과 분위기를 기반으로 한 메이플 몬스터 후보,https://maplestory.io/api/gms/62/mob/100100/icon?resize=2
삼미호,https://mapledb.kr/search.php?q=5100004&t=mob,round,cute,5,3,5,삼미호의 외형과 분위기를 기반으로 한 메이플 몬스터 후보,https://maplestory.io/api/gms/62/mob/100100/icon?resize=2
호걸,https://mapledb.kr/search.php?q=5100005&t=mob,round,cute,5,3,5,호걸의 외형과 분위기를 기반으로 한 메이플 몬스터 후보,https://maplestory.io/api/gms/62/mob/100100/icon?resize=2
강화된 미스릴 뮤테,https://mapledb.kr/search.php?q=5110300&t=mob,round,cute,5,3,5,강화된 미스릴 뮤테의 외형과 분위기를 기반으로 한 메이플 몬스터 후보,https://maplestory.io/api/gms/62/mob/100100/icon?resize=2
로이드,https://mapledb.kr/search.php?q=5110301&t=mob,round,cute,5,3,5,로이드의 외형과 분위기를 기반으로 한 메이플 몬스터 후보,https://maplestory.io/api/gms/62/mob/100100/icon?resize=2
네오 휴로이드,https://mapledb.kr/search.php?q=5110302&t=mob,round,cute,5,3,5,네오 휴로이드의 외형과 분위기를 기반으로 한 메이플 몬스터 후보,https://maplestory.io/api/gms/62/mob/100100/icon?resize=2
러스터픽시,https://mapledb.kr/search.php?q=5120000&t=mob,round,cute,5,3,5,러스터픽시의 외형과 분위기를 기반으로 한 메이플 몬스터 후보,https://maplestory.io/api/gms/62/mob/100100/icon?resize=2
샐리온,https://mapledb.kr/search.php?q=5120001&t=mob,round,cute,5,3,5,샐리온의 외형과 분위기를 기반으로 한 메이플 몬스터 후보,https://maplestory.io/api/gms/62/mob/100100/icon?resize=2
라이오너,https://mapledb.kr/search.php?q=5120002&t=mob,round,cute,5,3,5,라이오너의 외형과 분위기를 기반으로 한 메이플 몬스터 후보,https://maplestory.io/api/gms/62/mob/100100/icon?resize=2
그류핀,https://mapledb.kr/search.php?q=5120003&t=mob,round,cute,5,3,5,그류핀의 외형과 분위기를 기반으로 한 메이플 몬스터 후보,https://maplestory.io/api/gms/62/mob/100100/icon?resize=2
머신 MT-09,https://mapledb.kr/search.php?q=5120100&t=mob,round,cute,5,3,5,머신 MT-09의 외형과 분위기를 기반으로 한 메이플 몬스터 후보,https://maplestory.io/api/gms/62/mob/100100/icon?resize=2
달곰,https://mapledb.kr/search.php?q=5120500&t=mob,round,cute,5,3,5,달곰의 외형과 분위기를 기반으로 한 메이플 몬스터 후보,https://maplestory.io/api/gms/62/mob/100100/icon?resize=2
도라지,https://mapledb.kr/search.php?q=5120501&t=mob,round,cute,5,3,5,도라지의 외형과 분위기를 기반으로 한 메이플 몬스터 후보,https://maplestory.io/api/gms/62/mob/100100/icon?resize=2
늙은 도라지,https://mapledb.kr/search.php?q=5120502&t=mob,round,cute,5,3,5,늙은 도라지의 외형과 분위기를 기반으로 한 메이플 몬스터 후보,https://maplestory.io/api/gms/62/mob/100100/icon?resize=2
훈련용 짚인형,https://mapledb.kr/search.php?q=5120503&t=mob,round,cute,5,3,5,훈련용 짚인형의 외형과 분위기를 기반으로 한 메이플 몬스터 후보,https://maplestory.io/api/gms/62/mob/100100/icon?resize=2
훈련용 나무인형,https://mapledb.kr/search.php?q=5120504&t=mob,round,cute,5,3,5,훈련용 나무인형의 외형과 분위기를 기반으로 한 메이플 몬스터 후보,https://maplestory.io/api/gms/62/mob/100100/icon?resize=2
천록,https://mapledb.kr/search.php?q=5120505&t=mob,round,cute,5,3,5,천록의 외형과 분위기를 기반으로 한 메이플 몬스터 후보,https://maplestory.io/api/gms/62/mob/100100/icon?resize=2
비급,https://mapledb.kr/search.php?q=5120506&t=mob,round,cute,5,3,5,비급의 외형과 분위기를 기반으로 한 메이플 몬스터 후보,https://maplestory.io/api/gms/62/mob/100100/icon?resize=2
드레이크,https://mapledb.kr/search.php?q=5130100&t=mob,round,cute,5,3,5,드레이크의 외형과 분위기를 기반으로 한 메이플 몬스터 후보,https://maplestory.io/api/gms/62/mob/100100/icon?resize=2
스톤골렘,https://mapledb.kr/search.php?q=5130101&t=mob,round,cute,5,3,5,스톤골렘의 외형과 분위기를 기반으로 한 메이플 몬스터 후보,https://maplestory.io/api/gms/62/mob/100100/icon?resize=2
다크 스톤골렘,https://mapledb.kr/search.php?q=5130102&t=mob,round,cute,5,3,5,다크 스톤골렘의 외형과 분위기를 기반으로 한 메이플 몬스터 후보,https://maplestory.io/api/gms/62/mob/100100/icon?resize=2
크로코,https://mapledb.kr/search.php?q=5130103&t=mob,round,cute,5,3,5,크로코의 외형과 분위기를 기반으로 한 메이플 몬스터 후보,https://maplestory.io/api/gms/62/mob/100100/icon?resize=2
헥터,https://mapledb.kr/search.php?q=5130104&t=mob,round,cute,5,3,5,헥터의 외형과 분위기를 기반으로 한 메이플 몬스터 후보,https://maplestory.io/api/gms/62/mob/100100/icon?resize=2
다크 주니어 예티,https://mapledb.kr/search.php?q=5130105&t=mob,round,cute,5,3,5,다크 주니어 예티의 외형과 분위기를 기반으로 한 메이플 몬스터 후보,https://maplestory.io/api/gms/62/mob/100100/icon?resize=2
쿨리 좀비,https://mapledb.kr/search.php?q=5130107&t=mob,round,cute,5,3,5,쿨리 좀비의 외형과 분위기를 기반으로 한 메이플 몬스터 후보,https://maplestory.io/api/gms/62/mob/100100/icon?resize=2
마이너 좀비,https://mapledb.kr/search.php?q=5130108&t=mob,round,cute,5,3,5,마이너 좀비의 외형과 분위기를 기반으로 한 메이플 몬스터 후보,https://maplestory.io/api/gms/62/mob/100100/icon?resize=2
화이트팽,https://mapledb.kr/search.php?q=5140000&t=mob,round,cute,5,3,5,화이트팽의 외형과 분위기를 기반으로 한 메이플 몬스터 후보,https://maplestory.io/api/gms/62/mob/100100/icon?resize=2
믹스골렘,https://mapledb.kr/search.php?q=5150000&t=mob,round,cute,5,3,5,믹스골렘의 외형과 분위기를 기반으로 한 메이플 몬스터 후보,https://maplestory.io/api/gms/62/mob/100100/icon?resize=2
스켈레톤 사병,https://mapledb.kr/search.php?q=5150001&t=mob,round,cute,5,3,5,스켈레톤 사병의 외형과 분위기를 기반으로 한 메이플 몬스터 후보,https://maplestory.io/api/gms/62/mob/100100/icon?resize=2
주니어 스톤볼,https://mapledb.kr/search.php?q=5200000&t=mob,round,cute,5,3,5,주니어 스톤볼의 외형과 분위기를 기반으로 한 메이플 몬스터 후보,https://maplestory.io/api/gms/62/mob/100100/icon?resize=2
아이스 스톤볼,https://mapledb.kr/search.php?q=5200001&t=mob,round,cute,5,3,5,아이스 스톤볼의 외형과 분위기를 기반으로 한 메이플 몬스터 후보,https://maplestory.io/api/gms/62/mob/100100/icon?resize=2
파이어 스톤볼,https://mapledb.kr/search.php?q=5200002&t=mob,round,cute,5,3,5,파이어 스톤볼의 외형과 분위기를 기반으로 한 메이플 몬스터 후보,https://maplestory.io/api/gms/62/mob/100100/icon?resize=2
킹크랑,https://mapledb.kr/search.php?q=5220000&t=mob,round,cute,5,3,5,킹크랑의 외형과 분위기를 기반으로 한 메이플 몬스터 후보,https://maplestory.io/api/gms/62/mob/100100/icon?resize=2
파우스트,https://mapledb.kr/search.php?q=5220002&t=mob,round,cute,5,3,5,파우스트의 외형과 분위기를 기반으로 한 메이플 몬스터 후보,https://maplestory.io/api/gms/62/mob/100100/icon?resize=2
타이머,https://mapledb.kr/search.php?q=5220003&t=mob,round,cute,5,3,5,타이머의 외형과 분위기를 기반으로 한 메이플 몬스터 후보,https://maplestory.io/api/gms/62/mob/100100/icon?resize=2
이끼버섯,https://mapledb.kr/search.php?q=5250000&t=mob,round,cute,5,3,5,이끼버섯의 외형과 분위기를 기반으로 한 메이플 몬스터 후보,https://maplestory.io/api/gms/62/mob/100100/icon?resize=2
스톤버그,https://mapledb.kr/search.php?q=5250001&t=mob,round,cute,5,3,5,스톤버그의 외형과 분위기를 기반으로 한 메이플 몬스터 후보,https://maplestory.io/api/gms/62/mob/100100/icon?resize=2
원시멧돼지,https://mapledb.kr/search.php?q=5250002&t=mob,round,cute,5,3,5,원시멧돼지의 외형과 분위기를 기반으로 한 메이플 몬스터 후보,https://maplestory.io/api/gms/62/mob/100100/icon?resize=2
리티,https://mapledb.kr/search.php?q=5300000&t=mob,round,cute,5,3,5,리티의 외형과 분위기를 기반으로 한 메이플 몬스터 후보,https://maplestory.io/api/gms/62/mob/100100/icon?resize=2
다크 리티,https://mapledb.kr/search.php?q=5300001&t=mob,round,cute,5,3,5,다크 리티의 외형과 분위기를 기반으로 한 메이플 몬스터 후보,https://maplestory.io/api/gms/62/mob/100100/icon?resize=2
멜러디,https://mapledb.kr/search.php?q=5300100&t=mob,round,cute,5,3,5,멜러디의 외형과 분위기를 기반으로 한 메이플 몬스터 후보,https://maplestory.io/api/gms/62/mob/100100/icon?resize=2
주니어 페페,https://mapledb.kr/search.php?q=5400000&t=mob,round,cute,5,3,5,주니어 페페의 외형과 분위기를 기반으로 한 메이플 몬스터 후보,https://maplestory.io/api/gms/62/mob/100100/icon?resize=2
리치,https://mapledb.kr/search.php?q=6090000&t=mob,round,cute,5,3,5,리치의 외형과 분위기를 기반으로 한 메이플 몬스터 후보,https://maplestory.io/api/gms/62/mob/100100/icon?resize=2
설산의 마녀,https://mapledb.kr/search.php?q=6090001&t=mob,round,cute,5,3,5,설산의 마녀의 외형과 분위기를 기반으로 한 메이플 몬스터 후보,https://maplestory.io/api/gms/62/mob/100100/icon?resize=2
대나무 무사,https://mapledb.kr/search.php?q=6090002&t=mob,round,cute,5,3,5,대나무 무사의 외형과 분위기를 기반으로 한 메이플 몬스터 후보,https://maplestory.io/api/gms/62/mob/100100/icon?resize=2
선비귀신,https://mapledb.kr/search.php?q=6090003&t=mob,round,cute,5,3,5,선비귀신의 외형과 분위기를 기반으로 한 메이플 몬스터 후보,https://maplestory.io/api/gms/62/mob/100100/icon?resize=2
루루모,https://mapledb.kr/search.php?q=6090004&t=mob,round,cute,5,3,5,루루모의 외형과 분위기를 기반으로 한 메이플 몬스터 후보,https://maplestory.io/api/gms/62/mob/100100/icon?resize=2
호문,https://mapledb.kr/search.php?q=6110300&t=mob,round,cute,5,3,5,호문의 외형과 분위기를 기반으로 한 메이플 몬스터 후보,https://maplestory.io/api/gms/62/mob/100100/icon?resize=2
사이티,https://mapledb.kr/search.php?q=6110301&t=mob,round,cute,5,3,5,사이티의 외형과 분위기를 기반으로 한 메이플 몬스터 후보,https://maplestory.io/api/gms/62/mob/100100/icon?resize=2
레드 드레이크,https://mapledb.kr/search.php?q=6130100&t=mob,round,cute,5,3,5,레드 드레이크의 외형과 분위기를 기반으로 한 메이플 몬스터 후보,https://maplestory.io/api/gms/62/mob/100100/icon?resize=2
머쉬맘,https://mapledb.kr/search.php?q=6130101&t=mob,round,cute,5,3,5,머쉬맘의 외형과 분위기를 기반으로 한 메이플 몬스터 후보,https://maplestory.io/api/gms/62/mob/100100/icon?resize=2
페페,https://mapledb.kr/search.php?q=6130102&t=mob,round,cute,5,3,5,페페의 외형과 분위기를 기반으로 한 메이플 몬스터 후보,https://maplestory.io/api/gms/62/mob/100100/icon?resize=2
부기,https://mapledb.kr/search.php?q=6130104&t=mob,round,cute,5,3,5,부기의 외형과 분위기를 기반으로 한 메이플 몬스터 후보,https://maplestory.io/api/gms/62/mob/100100/icon?resize=2
버피,https://mapledb.kr/search.php?q=6130200&t=mob,round,cute,5,3,5,버피의 외형과 분위기를 기반으로 한 메이플 몬스터 후보,https://maplestory.io/api/gms/62/mob/100100/icon?resize=2
깨비,https://mapledb.kr/search.php?q=6130201&t=mob,round,cute,5,3,5,깨비의 외형과 분위기를 기반으로 한 메이플 몬스터 후보,https://maplestory.io/api/gms/62/mob/100100/icon?resize=2
판다곰,https://mapledb.kr/search.php?q=6130203&t=mob,round,cute,5,3,5,판다곰의 외형과 분위기를 기반으로 한 메이플 몬스터 후보,https://maplestory.io/api/gms/62/mob/100100/icon?resize=2
게비알,https://mapledb.kr/search.php?q=6130204&t=mob,round,cute,5,3,5,게비알의 외형과 분위기를 기반으로 한 메이플 몬스터 후보,https://maplestory.io/api/gms/62/mob/100100/icon?resize=2
원공,https://mapledb.kr/search.php?q=6130207&t=mob,round,cute,5,3,5,원공의 외형과 분위기를 기반으로 한 메이플 몬스터 후보,https://maplestory.io/api/gms/62/mob/100100/icon?resize=2
크루,https://mapledb.kr/search.php?q=6130208&t=mob,round,cute,5,3,5,크루의 외형과 분위기를 기반으로 한 메이플 몬스터 후보,https://maplestory.io/api/gms/62/mob/100100/icon?resize=2
묘선,https://mapledb.kr/search.php?q=6130209&t=mob,round,cute,5,3,5,묘선의 외형과 분위기를 기반으로 한 메이플 몬스터 후보,https://maplestory.io/api/gms/62/mob/100100/icon?resize=2
다일,https://mapledb.kr/search.php?q=6220000&t=mob,round,cute,5,3,5,다일의 외형과 분위기를 기반으로 한 메이플 몬스터 후보,https://maplestory.io/api/gms/62/mob/100100/icon?resize=2
제노,https://mapledb.kr/search.php?q=6220001&t=mob,round,cute,5,3,5,제노의 외형과 분위기를 기반으로 한 메이플 몬스터 후보,https://maplestory.io/api/gms/62/mob/100100/icon?resize=2
와일드카고,https://mapledb.kr/search.php?q=6230100&t=mob,round,cute,5,3,5,와일드카고의 외형과 분위기를 기반으로 한 메이플 몬스터 후보,https://maplestory.io/api/gms/62/mob/100100/icon?resize=2
푸코,https://mapledb.kr/search.php?q=6230101&t=mob,round,cute,5,3,5,푸코의 외형과 분위기를 기반으로 한 메이플 몬스터 후보,https://maplestory.io/api/gms/62/mob/100100/icon?resize=2
다크 페페,https://mapledb.kr/search.php?q=6230200&t=mob,round,cute,5,3,5,다크 페페의 외형과 분위기를 기반으로 한 메이플 몬스터 후보,https://maplestory.io/api/gms/62/mob/100100/icon?resize=2
레이지 버피,https://mapledb.kr/search.php?q=6230300&t=mob,round,cute,5,3,5,레이지 버피의 외형과 분위기를 기반으로 한 메이플 몬스터 후보,https://maplestory.io/api/gms/62/mob/100100/icon?resize=2
소울테니,https://mapledb.kr/search.php?q=6230400&t=mob,round,cute,5,3,5,소울테니의 외형과 분위기를 기반으로 한 메이플 몬스터 후보,https://maplestory.io/api/gms/62/mob/100100/icon?resize=2
주니어 루이넬,https://mapledb.kr/search.php?q=6230401&t=mob,round,cute,5,3,5,주니어 루이넬의 외형과 분위기를 기반으로 한 메이플 몬스터 후보,https://maplestory.io/api/gms/62/mob/100100/icon?resize=2
마스터 소울테니,https://mapledb.kr/search.php?q=6230500&t=mob,round,cute,5,3,5,마스터 소울테니의 외형과 분위기를 기반으로 한 메이플 몬스터 후보,https://maplestory.io/api/gms/62/mob/100100/icon?resize=2
아이스 드레이크,https://mapledb.kr/search.php?q=6230600&t=mob,round,cute,5,3,5,아이스 드레이크의 외형과 분위기를 기반으로 한 메이플 몬스터 후보,https://maplestory.io/api/gms/62/mob/100100/icon?resize=2
다크 드레이크,https://mapledb.kr/search.php?q=6230601&t=mob,round,cute,5,3,5,다크 드레이크의 외형과 분위기를 기반으로 한 메이플 몬스터 후보,https://maplestory.io/api/gms/62/mob/100100/icon?resize=2
스켈레톤 장교,https://mapledb.kr/search.php?q=6230602&t=mob,round,cute,5,3,5,스켈레톤 장교의 외형과 분위기를 기반으로 한 메이플 몬스터 후보,https://maplestory.io/api/gms/62/mob/100100/icon?resize=2
예티,https://mapledb.kr/search.php?q=6300000&t=mob,round,cute,5,3,5,예티의 외형과 분위기를 기반으로 한 메이플 몬스터 후보,https://maplestory.io/api/gms/62/mob/100100/icon?resize=2
푼코,https://mapledb.kr/search.php?q=6300003&t=mob,round,cute,5,3,5,푼코의 외형과 분위기를 기반으로 한 메이플 몬스터 후보,https://maplestory.io/api/gms/62/mob/100100/icon?resize=2
파츠,https://mapledb.kr/search.php?q=6300004&t=mob,round,cute,5,3,5,파츠의 외형과 분위기를 기반으로 한 메이플 몬스터 후보,https://maplestory.io/api/gms/62/mob/100100/icon?resize=2
좀비 머쉬맘,https://mapledb.kr/search.php?q=6300005&t=mob,round,cute,5,3,5,좀비 머쉬맘의 외형과 분위기를 기반으로 한 메이플 몬스터 후보,https://maplestory.io/api/gms/62/mob/100100/icon?resize=2
버푼,https://mapledb.kr/search.php?q=6300100&t=mob,round,cute,5,3,5,버푼의 외형과 분위기를 기반으로 한 메이플 몬스터 후보,https://maplestory.io/api/gms/62/mob/100100/icon?resize=2
다크 예티,https://mapledb.kr/search.php?q=6400000&t=mob,round,cute,5,3,5,다크 예티의 외형과 분위기를 기반으로 한 메이플 몬스터 후보,https://maplestory.io/api/gms/62/mob/100100/icon?resize=2
쿠스코,https://mapledb.kr/search.php?q=6400003&t=mob,round,cute,5,3,5,쿠스코의 외형과 분위기를 기반으로 한 메이플 몬스터 후보,https://maplestory.io/api/gms/62/mob/100100/icon?resize=2
오파츠,https://mapledb.kr/search.php?q=6400004&t=mob,round,cute,5,3,5,오파츠의 외형과 분위기를 기반으로 한 메이플 몬스터 후보,https://maplestory.io/api/gms/62/mob/100100/icon?resize=2
딥 버푼,https://mapledb.kr/search.php?q=6400100&t=mob,round,cute,5,3,5,딥 버푼의 외형과 분위기를 기반으로 한 메이플 몬스터 후보,https://maplestory.io/api/gms/62/mob/100100/icon?resize=2
자동경비시스템,https://mapledb.kr/search.php?q=7090000&t=mob,round,cute,5,3,5,자동경비시스템의 외형과 분위기를 기반으로 한 메이플 몬스터 후보,https://maplestory.io/api/gms/62/mob/100100/icon?resize=2
D.로이,https://mapledb.kr/search.php?q=7110300&t=mob,round,cute,5,3,5,D.로이의 외형과 분위기를 기반으로 한 메이플 몬스터 후보,https://maplestory.io/api/gms/62/mob/100100/icon?resize=2
호문쿨루,https://mapledb.kr/search.php?q=7110301&t=mob,round,cute,5,3,5,호문쿨루의 외형과 분위기를 기반으로 한 메이플 몬스터 후보,https://maplestory.io/api/gms/62/mob/100100/icon?resize=2
루이넬,https://mapledb.kr/search.php?q=7130000&t=mob,round,cute,5,3,5,루이넬의 외형과 분위기를 기반으로 한 메이플 몬스터 후보,https://maplestory.io/api/gms/62/mob/100100/icon?resize=2
불독,https://mapledb.kr/search.php?q=7130001&t=mob,round,cute,5,3,5,불독의 외형과 분위기를 기반으로 한 메이플 몬스터 후보,https://maplestory.io/api/gms/62/mob/100100/icon?resize=2
비틀,https://mapledb.kr/search.php?q=7130002&t=mob,round,cute,5,3,5,비틀의 외형과 분위기를 기반으로 한 메이플 몬스터 후보,https://maplestory.io/api/gms/62/mob/100100/icon?resize=2
듀얼 비틀,https://mapledb.kr/search.php?q=7130003&t=mob,round,cute,5,3,5,듀얼 비틀의 외형과 분위기를 기반으로 한 메이플 몬스터 후보,https://maplestory.io/api/gms/62/mob/100100/icon?resize=2
헹키,https://mapledb.kr/search.php?q=7130004&t=mob,round,cute,5,3,5,헹키의 외형과 분위기를 기반으로 한 메이플 몬스터 후보,https://maplestory.io/api/gms/62/mob/100100/icon?resize=2
데스테니,https://mapledb.kr/search.php?q=7130010&t=mob,round,cute,5,3,5,데스테니의 외형과 분위기를 기반으로 한 메이플 몬스터 후보,https://maplestory.io/api/gms/62/mob/100100/icon?resize=2
망둥이,https://mapledb.kr/search.php?q=7130020&t=mob,round,cute,5,3,5,망둥이의 외형과 분위기를 기반으로 한 메이플 몬스터 후보,https://maplestory.io/api/gms/62/mob/100100/icon?resize=2
타우로마시스,https://mapledb.kr/search.php?q=7130100&t=mob,round,cute,5,3,5,타우로마시스의 외형과 분위기를 기반으로 한 메이플 몬스터 후보,https://maplestory.io/api/gms/62/mob/100100/icon?resize=2
타우로스피어,https://mapledb.kr/search.php?q=7130101&t=mob,round,cute,5,3,5,타우로스피어의 외형과 분위기를 기반으로 한 메이플 몬스터 후보,https://maplestory.io/api/gms/62/mob/100100/icon?resize=2
예티와 페페,https://mapledb.kr/search.php?q=7130102&t=mob,round,cute,5,3,5,예티와 페페의 외형과 분위기를 기반으로 한 메이플 몬스터 후보,https://maplestory.io/api/gms/62/mob/100100/icon?resize=2
스켈레톤 지휘관,https://mapledb.kr/search.php?q=7130103&t=mob,round,cute,5,3,5,스켈레톤 지휘관의 외형과 분위기를 기반으로 한 메이플 몬스터 후보,https://maplestory.io/api/gms/62/mob/100100/icon?resize=2
캡틴,https://mapledb.kr/search.php?q=7130104&t=mob,round,cute,5,3,5,캡틴의 외형과 분위기를 기반으로 한 메이플 몬스터 후보,https://maplestory.io/api/gms/62/mob/100100/icon?resize=2
웨어울프,https://mapledb.kr/search.php?q=7130200&t=mob,round,cute,5,3,5,웨어울프의 외형과 분위기를 기반으로 한 메이플 몬스터 후보,https://maplestory.io/api/gms/62/mob/100100/icon?resize=2
마스터 데스테니,https://mapledb.kr/search.php?q=7130300&t=mob,round,cute,5,3,5,마스터 데스테니의 외형과 분위기를 기반으로 한 메이플 몬스터 후보,https://maplestory.io/api/gms/62/mob/100100/icon?resize=2
노란 왕도깨비,https://mapledb.kr/search.php?q=7130400&t=mob,round,cute,5,3,5,노란 왕도깨비의 외형과 분위기를 기반으로 한 메이플 몬스터 후보,https://maplestory.io/api/gms/62/mob/100100/icon?resize=2
파란 왕도깨비,https://mapledb.kr/search.php?q=7130401&t=mob,round,cute,5,3,5,파란 왕도깨비의 외형과 분위기를 기반으로 한 메이플 몬스터 후보,https://maplestory.io/api/gms/62/mob/100100/icon?resize=2
초록 왕도깨비,https://mapledb.kr/search.php?q=7130402&t=mob,round,cute,5,3,5,초록 왕도깨비의 외형과 분위기를 기반으로 한 메이플 몬스터 후보,https://maplestory.io/api/gms/62/mob/100100/icon?resize=2
레쉬,https://mapledb.kr/search.php?q=7130500&t=mob,round,cute,5,3,5,레쉬의 외형과 분위기를 기반으로 한 메이플 몬스터 후보,https://maplestory.io/api/gms/62/mob/100100/icon?resize=2
다크 레쉬,https://mapledb.kr/search.php?q=7130501&t=mob,round,cute,5,3,5,다크 레쉬의 외형과 분위기를 기반으로 한 메이플 몬스터 후보,https://maplestory.io/api/gms/62/mob/100100/icon?resize=2
호브,https://mapledb.kr/search.php?q=7130600&t=mob,round,cute,5,3,5,호브의 외형과 분위기를 기반으로 한 메이플 몬스터 후보,https://maplestory.io/api/gms/62/mob/100100/icon?resize=2
핀호브,https://mapledb.kr/search.php?q=7130601&t=mob,round,cute,5,3,5,핀호브의 외형과 분위기를 기반으로 한 메이플 몬스터 후보,https://maplestory.io/api/gms/62/mob/100100/icon?resize=2
가시덤불,https://mapledb.kr/search.php?q=7130602&t=mob,round,cute,5,3,5,가시덤불의 외형과 분위기를 기반으로 한 메이플 몬스터 후보,https://maplestory.io/api/gms/62/mob/100100/icon?resize=2
파이렛,https://mapledb.kr/search.php?q=7140000&t=mob,round,cute,5,3,5,파이렛의 외형과 분위기를 기반으로 한 메이플 몬스터 후보,https://maplestory.io/api/gms/62/mob/100100/icon?resize=2
듀얼 파이렛,https://mapledb.kr/search.php?q=7160000&t=mob,round,cute,5,3,5,듀얼 파이렛의 외형과 분위기를 기반으로 한 메이플 몬스터 후보,https://maplestory.io/api/gms/62/mob/100100/icon?resize=2
태륜,https://mapledb.kr/search.php?q=7220000&t=mob,round,cute,5,3,5,태륜의 외형과 분위기를 기반으로 한 메이플 몬스터 후보,https://maplestory.io/api/gms/62/mob/100100/icon?resize=2
구미호,https://mapledb.kr/search.php?q=7220001&t=mob,round,cute,5,3,5,구미호의 외형과 분위기를 기반으로 한 메이플 몬스터 후보,https://maplestory.io/api/gms/62/mob/100100/icon?resize=2
요괴선사,https://mapledb.kr/search.php?q=7220002&t=mob,round,cute,5,3,5,요괴선사의 외형과 분위기를 기반으로 한 메이플 몬스터 후보,https://maplestory.io/api/gms/62/mob/100100/icon?resize=2
디트와 로이,https://mapledb.kr/search.php?q=8090000&t=mob,round,cute,5,3,5,디트와 로이의 외형과 분위기를 기반으로 한 메이플 몬스터 후보,https://maplestory.io/api/gms/62/mob/100100/icon?resize=2
호문스큘러,https://mapledb.kr/search.php?q=8110300&t=mob,round,cute,5,3,5,호문스큘러의 외형과 분위기를 기반으로 한 메이플 몬스터 후보,https://maplestory.io/api/gms/62/mob/100100/icon?resize=2
주니어 발록,https://mapledb.kr/search.php?q=8130100&t=mob,round,cute,5,3,5,주니어 발록의 외형과 분위기를 기반으로 한 메이플 몬스터 후보,https://maplestory.io/api/gms/62/mob/100100/icon?resize=2
라이칸스로프,https://mapledb.kr/search.php?q=8140000&t=mob,round,cute,5,3,5,라이칸스로프의 외형과 분위기를 기반으로 한 메이플 몬스터 후보,https://maplestory.io/api/gms/62/mob/100100/icon?resize=2
하프,https://mapledb.kr/search.php?q=8140001&t=mob,round,cute,5,3,5,하프의 외형과 분위기를 기반으로 한 메이플 몬스터 후보,https://maplestory.io/api/gms/62/mob/100100/icon?resize=2
블러드 하프,https://mapledb.kr/search.php?q=8140002&t=mob,round,cute,5,3,5,블러드 하프의 외형과 분위기를 기반으로 한 메이플 몬스터 후보,https://maplestory.io/api/gms/62/mob/100100/icon?resize=2
다크 예티와 페페,https://mapledb.kr/search.php?q=8140100&t=mob,round,cute,5,3,5,다크 예티와 페페의 외형과 분위기를 기반으로 한 메이플 몬스터 후보,https://maplestory.io/api/gms/62/mob/100100/icon?resize=2
검은 켄타우로스,https://mapledb.kr/search.php?q=8140101&t=mob,round,cute,5,3,5,검은 켄타우로스의 외형과 분위기를 기반으로 한 메이플 몬스터 후보,https://maplestory.io/api/gms/62/mob/100100/icon?resize=2
붉은 켄타우로스,https://mapledb.kr/search.php?q=8140102&t=mob,round,cute,5,3,5,붉은 켄타우로스의 외형과 분위기를 기반으로 한 메이플 몬스터 후보,https://maplestory.io/api/gms/62/mob/100100/icon?resize=2
푸른 켄타우로스,https://mapledb.kr/search.php?q=8140103&t=mob,round,cute,5,3,5,푸른 켄타우로스의 외형과 분위기를 기반으로 한 메이플 몬스터 후보,https://maplestory.io/api/gms/62/mob/100100/icon?resize=2
버크,https://mapledb.kr/search.php?q=8140110&t=mob,round,cute,5,3,5,버크의 외형과 분위기를 기반으로 한 메이플 몬스터 후보,https://maplestory.io/api/gms/62/mob/100100/icon?resize=2
듀얼 버크,https://mapledb.kr/search.php?q=8140111&t=mob,round,cute,5,3,5,듀얼 버크의 외형과 분위기를 기반으로 한 메이플 몬스터 후보,https://maplestory.io/api/gms/62/mob/100100/icon?resize=2
클라크,https://mapledb.kr/search.php?q=8140200&t=mob,round,cute,5,3,5,클라크의 외형과 분위기를 기반으로 한 메이플 몬스터 후보,https://maplestory.io/api/gms/62/mob/100100/icon?resize=2
다크 클라크,https://mapledb.kr/search.php?q=8140300&t=mob,round,cute,5,3,5,다크 클라크의 외형과 분위기를 기반으로 한 메이플 몬스터 후보,https://maplestory.io/api/gms/62/mob/100100/icon?resize=2
파이어독,https://mapledb.kr/search.php?q=8140500&t=mob,round,cute,5,3,5,파이어독의 외형과 분위기를 기반으로 한 메이플 몬스터 후보,https://maplestory.io/api/gms/62/mob/100100/icon?resize=2
폭렬 망둥이집,https://mapledb.kr/search.php?q=8140555&t=mob,round,cute,5,3,5,폭렬 망둥이집의 외형과 분위기를 기반으로 한 메이플 몬스터 후보,https://maplestory.io/api/gms/62/mob/100100/icon?resize=2
본피쉬,https://mapledb.kr/search.php?q=8140600&t=mob,round,cute,5,3,5,본피쉬의 외형과 분위기를 기반으로 한 메이플 몬스터 후보,https://maplestory.io/api/gms/62/mob/100100/icon?resize=2
블루 드래곤터틀,https://mapledb.kr/search.php?q=8140700&t=mob,round,cute,5,3,5,블루 드래곤터틀의 외형과 분위기를 기반으로 한 메이플 몬스터 후보,https://maplestory.io/api/gms/62/mob/100100/icon?resize=2
레드 드래곤터틀,https://mapledb.kr/search.php?q=8140701&t=mob,round,cute,5,3,5,레드 드래곤터틀의 외형과 분위기를 기반으로 한 메이플 몬스터 후보,https://maplestory.io/api/gms/62/mob/100100/icon?resize=2
리스튼,https://mapledb.kr/search.php?q=8140702&t=mob,round,cute,5,3,5,리스튼의 외형과 분위기를 기반으로 한 메이플 몬스터 후보,https://maplestory.io/api/gms/62/mob/100100/icon?resize=2
브레스튼,https://mapledb.kr/search.php?q=8140703&t=mob,round,cute,5,3,5,브레스튼의 외형과 분위기를 기반으로 한 메이플 몬스터 후보,https://maplestory.io/api/gms/62/mob/100100/icon?resize=2
바이킹,https://mapledb.kr/search.php?q=8141000&t=mob,round,cute,5,3,5,바이킹의 외형과 분위기를 기반으로 한 메이플 몬스터 후보,https://maplestory.io/api/gms/62/mob/100100/icon?resize=2
기간틱 바이킹,https://mapledb.kr/search.php?q=8141100&t=mob,round,cute,5,3,5,기간틱 바이킹의 외형과 분위기를 기반으로 한 메이플 몬스터 후보,https://maplestory.io/api/gms/62/mob/100100/icon?resize=2
스퀴드,https://mapledb.kr/search.php?q=8141300&t=mob,round,cute,5,3,5,스퀴드의 외형과 분위기를 기반으로 한 메이플 몬스터 후보,https://maplestory.io/api/gms/62/mob/100100/icon?resize=2
팬텀워치,https://mapledb.kr/search.php?q=8142000&t=mob,round,cute,5,3,5,팬텀워치의 외형과 분위기를 기반으로 한 메이플 몬스터 후보,https://maplestory.io/api/gms/62/mob/100100/icon?resize=2
리셀스퀴드,https://mapledb.kr/search.php?q=8142100&t=mob,round,cute,5,3,5,리셀스퀴드의 외형과 분위기를 기반으로 한 메이플 몬스터 후보,https://maplestory.io/api/gms/62/mob/100100/icon?resize=2
G.팬텀워치,https://mapledb.kr/search.php?q=8143000&t=mob,round,cute,5,3,5,G.팬텀워치의 외형과 분위기를 기반으로 한 메이플 몬스터 후보,https://maplestory.io/api/gms/62/mob/100100/icon?resize=2
크림슨 발록,https://mapledb.kr/search.php?q=8150000&t=mob,round,cute,5,3,5,크림슨 발록의 외형과 분위기를 기반으로 한 메이플 몬스터 후보,https://maplestory.io/api/gms/62/mob/100100/icon?resize=2
샤크,https://mapledb.kr/search.php?q=8150100&t=mob,round,cute,5,3,5,샤크의 외형과 분위기를 기반으로 한 메이플 몬스터 후보,https://maplestory.io/api/gms/62/mob/100100/icon?resize=2
콜드샤크,https://mapledb.kr/search.php?q=8150101&t=mob,round,cute,5,3,5,콜드샤크의 외형과 분위기를 기반으로 한 메이플 몬스터 후보,https://maplestory.io/api/gms/62/mob/100100/icon?resize=2
그린코니언,https://mapledb.kr/search.php?q=8150200&t=mob,round,cute,5,3,5,그린코니언의 외형과 분위기를 기반으로 한 메이플 몬스터 후보,https://maplestory.io/api/gms/62/mob/100100/icon?resize=2
다크코니언,https://mapledb.kr/search.php?q=8150201&t=mob,round,cute,5,3,5,다크코니언의 외형과 분위기를 기반으로 한 메이플 몬스터 후보,https://maplestory.io/api/gms/62/mob/100100/icon?resize=2
레드 와이번,https://mapledb.kr/search.php?q=8150300&t=mob,round,cute,5,3,5,레드 와이번의 외형과 분위기를 기반으로 한 메이플 몬스터 후보,https://maplestory.io/api/gms/62/mob/100100/icon?resize=2
블루 와이번,https://mapledb.kr/search.php?q=8150301&t=mob,round,cute,5,3,5,블루 와이번의 외형과 분위기를 기반으로 한 메이플 몬스터 후보,https://maplestory.io/api/gms/62/mob/100100/icon?resize=2
다크 와이번,https://mapledb.kr/search.php?q=8150302&t=mob,round,cute,5,3,5,다크 와이번의 외형과 분위기를 기반으로 한 메이플 몬스터 후보,https://maplestory.io/api/gms/62/mob/100100/icon?resize=2
게이트키퍼,https://mapledb.kr/search.php?q=8160000&t=mob,round,cute,5,3,5,게이트키퍼의 외형과 분위기를 기반으로 한 메이플 몬스터 후보,https://maplestory.io/api/gms/62/mob/100100/icon?resize=2
타나토스,https://mapledb.kr/search.php?q=8170000&t=mob,round,cute,5,3,5,타나토스의 외형과 분위기를 기반으로 한 메이플 몬스터 후보,https://maplestory.io/api/gms/62/mob/100100/icon?resize=2
마뇽,https://mapledb.kr/search.php?q=8180000&t=mob,round,cute,5,3,5,마뇽의 외형과 분위기를 기반으로 한 메이플 몬스터 후보,https://maplestory.io/api/gms/62/mob/100100/icon?resize=2
그리프,https://mapledb.kr/search.php?q=8180001&t=mob,round,cute,5,3,5,그리프의 외형과 분위기를 기반으로 한 메이플 몬스터 후보,https://maplestory.io/api/gms/62/mob/100100/icon?resize=2
뉴트주니어,https://mapledb.kr/search.php?q=8190000&t=mob,round,cute,5,3,5,뉴트주니어의 외형과 분위기를 기반으로 한 메이플 몬스터 후보,https://maplestory.io/api/gms/62/mob/100100/icon?resize=2
네스트골렘,https://mapledb.kr/search.php?q=8190002&t=mob,round,cute,5,3,5,네스트골렘의 외형과 분위기를 기반으로 한 메이플 몬스터 후보,https://maplestory.io/api/gms/62/mob/100100/icon?resize=2
스켈레곤,https://mapledb.kr/search.php?q=8190003&t=mob,round,cute,5,3,5,스켈레곤의 외형과 분위기를 기반으로 한 메이플 몬스터 후보,https://maplestory.io/api/gms/62/mob/100100/icon?resize=2
스켈로스,https://mapledb.kr/search.php?q=8190004&t=mob,round,cute,5,3,5,스켈로스의 외형과 분위기를 기반으로 한 메이플 몬스터 후보,https://maplestory.io/api/gms/62/mob/100100/icon?resize=2
엘리쟈,https://mapledb.kr/search.php?q=8220000&t=mob,round,cute,5,3,5,엘리쟈의 외형과 분위기를 기반으로 한 메이플 몬스터 후보,https://maplestory.io/api/gms/62/mob/100100/icon?resize=2
스노우맨,https://mapledb.kr/search.php?q=8220001&t=mob,round,cute,5,3,5,스노우맨의 외형과 분위기를 기반으로 한 메이플 몬스터 후보,https://maplestory.io/api/gms/62/mob/100100/icon?resize=2
키메라,https://mapledb.kr/search.php?q=8220002&t=mob,round,cute,5,3,5,키메라의 외형과 분위기를 기반으로 한 메이플 몬스터 후보,https://maplestory.io/api/gms/62/mob/100100/icon?resize=2
레비아탄,https://mapledb.kr/search.php?q=8220003&t=mob,round,cute,5,3,5,레비아탄의 외형과 분위기를 기반으로 한 메이플 몬스터 후보,https://maplestory.io/api/gms/62/mob/100100/icon?resize=2
시간의 구,https://mapledb.kr/search.php?q=8500000&t=mob,round,cute,5,3,5,시간의 구의 외형과 분위기를 기반으로 한 메이플 몬스터 후보,https://maplestory.io/api/gms/62/mob/100100/icon?resize=2
파풀라투스의 시계,https://mapledb.kr/search.php?q=8500001&t=mob,round,cute,5,3,5,파풀라투스의 시계의 외형과 분위기를 기반으로 한 메이플 몬스터 후보,https://maplestory.io/api/gms/62/mob/100100/icon?resize=2
파풀라투스,https://mapledb.kr/search.php?q=8500002&t=mob,round,cute,5,3,5,파풀라투스의 외형과 분위기를 기반으로 한 메이플 몬스터 후보,https://maplestory.io/api/gms/62/mob/100100/icon?resize=2
로우 다크스타,https://mapledb.kr/search.php?q=8500003&t=mob,round,cute,5,3,5,로우 다크스타의 외형과 분위기를 기반으로 한 메이플 몬스터 후보,https://maplestory.io/api/gms/62/mob/100100/icon?resize=2
하이 다크스타,https://mapledb.kr/search.php?q=8500004&t=mob,round,cute,5,3,5,하이 다크스타의 외형과 분위기를 기반으로 한 메이플 몬스터 후보,https://maplestory.io/api/gms/62/mob/100100/icon?resize=2
피아누스,https://mapledb.kr/search.php?q=8510000&t=mob,round,cute,5,3,5,피아누스의 외형과 분위기를 기반으로 한 메이플 몬스터 후보,https://maplestory.io/api/gms/62/mob/100100/icon?resize=2
블러드붐,https://mapledb.kr/search.php?q=8510100&t=mob,round,cute,5,3,5,블러드붐의 외형과 분위기를 기반으로 한 메이플 몬스터 후보,https://maplestory.io/api/gms/62/mob/100100/icon?resize=2
자쿰,https://mapledb.kr/search.php?q=8800000&t=mob,round,cute,5,3,5,자쿰의 외형과 분위기를 기반으로 한 메이플 몬스터 후보,https://maplestory.io/api/gms/62/mob/100100/icon?resize=2
자쿰팔1,https://mapledb.kr/search.php?q=8800003&t=mob,round,cute,5,3,5,자쿰팔1의 외형과 분위기를 기반으로 한 메이플 몬스터 후보,https://maplestory.io/api/gms/62/mob/100100/icon?resize=2
자쿰팔2,https://mapledb.kr/search.php?q=8800004&t=mob,round,cute,5,3,5,자쿰팔2의 외형과 분위기를 기반으로 한 메이플 몬스터 후보,https://maplestory.io/api/gms/62/mob/100100/icon?resize=2
자쿰팔3,https://mapledb.kr/search.php?q=8800005&t=mob,round,cute,5,3,5,자쿰팔3의 외형과 분위기를 기반으로 한 메이플 몬스터 후보,https://maplestory.io/api/gms/62/mob/100100/icon?resize=2
자쿰팔4,https://mapledb.kr/search.php?q=8800006&t=mob,round,cute,5,3,5,자쿰팔4의 외형과 분위기를 기반으로 한 메이플 몬스터 후보,https://maplestory.io/api/gms/62/mob/100100/icon?resize=2
자쿰팔5,https://mapledb.kr/search.php?q=8800007&t=mob,round,cute,5,3,5,자쿰팔5의 외형과 분위기를 기반으로 한 메이플 몬스터 후보,https://maplestory.io/api/gms/62/mob/100100/icon?resize=2
자쿰팔6,https://mapledb.kr/search.php?q=8800008&t=mob,round,cute,5,3,5,자쿰팔6의 외형과 분위기를 기반으로 한 메이플 몬스터 후보,https://maplestory.io/api/gms/62/mob/100100/icon?resize=2
자쿰팔7,https://mapledb.kr/search.php?q=8800009&t=mob,round,cute,5,3,5,자쿰팔7의 외형과 분위기를 기반으로 한 메이플 몬스터 후보,https://maplestory.io/api/gms/62/mob/100100/icon?resize=2
자쿰팔8,https://mapledb.kr/search.php?q=8800010&t=mob,round,cute,5,3,5,자쿰팔8의 외형과 분위기를 기반으로 한 메이플 몬스터 후보,https://maplestory.io/api/gms/62/mob/100100/icon?resize=2
그린 코니언,https://mapledb.kr/search.php?q=8810022&t=mob,round,cute,5,3,5,그린 코니언의 외형과 분위기를 기반으로 한 메이플 몬스터 후보,https://maplestory.io/api/gms/62/mob/100100/icon?resize=2
다크 코니언,https://mapledb.kr/search.php?q=8810023&t=mob,round,cute,5,3,5,다크 코니언의 외형과 분위기를 기반으로 한 메이플 몬스터 후보,https://maplestory.io/api/gms/62/mob/100100/icon?resize=2
늪지괴물,https://mapledb.kr/search.php?q=9000300&t=mob,round,cute,5,3,5,늪지괴물의 외형과 분위기를 기반으로 한 메이플 몬스터 후보,https://maplestory.io/api/gms/62/mob/100100/icon?resize=2
파란 버섯,https://mapledb.kr/search.php?q=9000301&t=mob,round,cute,5,3,5,파란 버섯의 외형과 분위기를 기반으로 한 메이플 몬스터 후보,https://maplestory.io/api/gms/62/mob/100100/icon?resize=2
주먹펴고 일어서의 분신,https://mapledb.kr/search.php?q=9001000&t=mob,round,cute,5,3,5,주먹펴고 일어서의 분신의 외형과 분위기를 기반으로 한 메이플 몬스터 후보,https://maplestory.io/api/gms/62/mob/100100/icon?resize=2
하인즈의 분신,https://mapledb.kr/search.php?q=9001001&t=mob,round,cute,5,3,5,하인즈의 분신의 외형과 분위기를 기반으로 한 메이플 몬스터 후보,https://maplestory.io/api/gms/62/mob/100100/icon?resize=2
헬레나의 분신,https://mapledb.kr/search.php?q=9001002&t=mob,round,cute,5,3,5,헬레나의 분신의 외형과 분위기를 기반으로 한 메이플 몬스터 후보,https://maplestory.io/api/gms/62/mob/100100/icon?resize=2
다크로드의 분신,https://mapledb.kr/search.php?q=9001003&t=mob,round,cute,5,3,5,다크로드의 분신의 외형과 분위기를 기반으로 한 메이플 몬스터 후보,https://maplestory.io/api/gms/62/mob/100100/icon?resize=2
카이린의 분신,https://mapledb.kr/search.php?q=9001004&t=mob,round,cute,5,3,5,카이린의 분신의 외형과 분위기를 기반으로 한 메이플 몬스터 후보,https://maplestory.io/api/gms/62/mob/100100/icon?resize=2
파이렛옥토,https://mapledb.kr/search.php?q=9001005&t=mob,round,cute,5,3,5,파이렛옥토의 외형과 분위기를 기반으로 한 메이플 몬스터 후보,https://maplestory.io/api/gms/62/mob/100100/icon?resize=2
수련용 허수아비,https://mapledb.kr/search.php?q=9001007&t=mob,round,cute,5,3,5,수련용 허수아비의 외형과 분위기를 기반으로 한 메이플 몬스터 후보,https://maplestory.io/api/gms/62/mob/100100/icon?resize=2
카이린의 분신의 분신,https://mapledb.kr/search.php?q=9001008&t=mob,round,cute,5,3,5,카이린의 분신의 분신의 외형과 분위기를 기반으로 한 메이플 몬스터 후보,https://maplestory.io/api/gms/62/mob/100100/icon?resize=2
슈퍼 슬라임,https://mapledb.kr/search.php?q=9100000&t=mob,round,cute,5,3,5,슈퍼 슬라임의 외형과 분위기를 기반으로 한 메이플 몬스터 후보,https://maplestory.io/api/gms/62/mob/100100/icon?resize=2
슈퍼 주니어 네키,https://mapledb.kr/search.php?q=9100001&t=mob,round,cute,5,3,5,슈퍼 주니어 네키의 외형과 분위기를 기반으로 한 메이플 몬스터 후보,https://maplestory.io/api/gms/62/mob/100100/icon?resize=2
슈퍼 스티지,https://mapledb.kr/search.php?q=9100002&t=mob,round,cute,5,3,5,슈퍼 스티지의 외형과 분위기를 기반으로 한 메이플 몬스터 후보,https://maplestory.io/api/gms/62/mob/100100/icon?resize=2
울트라 주니어 네키,https://mapledb.kr/search.php?q=9100003&t=mob,round,cute,5,3,5,울트라 주니어 네키의 외형과 분위기를 기반으로 한 메이플 몬스터 후보,https://maplestory.io/api/gms/62/mob/100100/icon?resize=2
슈퍼 트릭스터,https://mapledb.kr/search.php?q=9100005&t=mob,round,cute,5,3,5,슈퍼 트릭스터의 외형과 분위기를 기반으로 한 메이플 몬스터 후보,https://maplestory.io/api/gms/62/mob/100100/icon?resize=2
슈퍼 그린 트릭스터,https://mapledb.kr/search.php?q=9100006&t=mob,round,cute,5,3,5,슈퍼 그린 트릭스터의 외형과 분위기를 기반으로 한 메이플 몬스터 후보,https://maplestory.io/api/gms/62/mob/100100/icon?resize=2
슈퍼 리본돼지,https://mapledb.kr/search.php?q=9100007&t=mob,round,cute,5,3,5,슈퍼 리본돼지의 외형과 분위기를 기반으로 한 메이플 몬스터 후보,https://maplestory.io/api/gms/62/mob/100100/icon?resize=2
울트라 코-크 달팽이,https://mapledb.kr/search.php?q=9100008&t=mob,round,cute,5,3,5,울트라 코-크 달팽이의 외형과 분위기를 기반으로 한 메이플 몬스터 후보,https://maplestory.io/api/gms/62/mob/100100/icon?resize=2
슈퍼 검은 양,https://mapledb.kr/search.php?q=9100010&t=mob,round,cute,5,3,5,슈퍼 검은 양의 외형과 분위기를 기반으로 한 메이플 몬스터 후보,https://maplestory.io/api/gms/62/mob/100100/icon?resize=2
아딘의 분신,https://mapledb.kr/search.php?q=9100013&t=mob,round,cute,5,3,5,아딘의 분신의 외형과 분위기를 기반으로 한 메이플 몬스터 후보,https://maplestory.io/api/gms/62/mob/100100/icon?resize=2
미믹,https://mapledb.kr/search.php?q=9300004&t=mob,round,cute,5,3,5,미믹의 외형과 분위기를 기반으로 한 메이플 몬스터 후보,https://maplestory.io/api/gms/62/mob/100100/icon?resize=2
차원의 라츠,https://mapledb.kr/search.php?q=9300005&t=mob,round,cute,5,3,5,차원의 라츠의 외형과 분위기를 기반으로 한 메이플 몬스터 후보,https://maplestory.io/api/gms/62/mob/100100/icon?resize=2
차원의 블랙 라츠,https://mapledb.kr/search.php?q=9300006&t=mob,round,cute,5,3,5,차원의 블랙 라츠의 외형과 분위기를 기반으로 한 메이플 몬스터 후보,https://maplestory.io/api/gms/62/mob/100100/icon?resize=2
차원의 블록퍼스,https://mapledb.kr/search.php?q=9300007&t=mob,round,cute,5,3,5,차원의 블록퍼스의 외형과 분위기를 기반으로 한 메이플 몬스터 후보,https://maplestory.io/api/gms/62/mob/100100/icon?resize=2
차원의 쉐도우아이,https://mapledb.kr/search.php?q=9300008&t=mob,round,cute,5,3,5,차원의 쉐도우아이의 외형과 분위기를 기반으로 한 메이플 몬스터 후보,https://maplestory.io/api/gms/62/mob/100100/icon?resize=2
차원의 블록골렘,https://mapledb.kr/search.php?q=9300009&t=mob,round,cute,5,3,5,차원의 블록골렘의 외형과 분위기를 기반으로 한 메이플 몬스터 후보,https://maplestory.io/api/gms/62/mob/100100/icon?resize=2
차원의 롬바드,https://mapledb.kr/search.php?q=9300010&t=mob,round,cute,5,3,5,차원의 롬바드의 외형과 분위기를 기반으로 한 메이플 몬스터 후보,https://maplestory.io/api/gms/62/mob/100100/icon?resize=2
알리샤르,https://mapledb.kr/search.php?q=9300012&t=mob,round,cute,5,3,5,알리샤르의 외형과 분위기를 기반으로 한 메이플 몬스터 후보,https://maplestory.io/api/gms/62/mob/100100/icon?resize=2
차원의 킹 블록골렘,https://mapledb.kr/search.php?q=9300013&t=mob,round,cute,5,3,5,차원의 킹 블록골렘의 외형과 분위기를 기반으로 한 메이플 몬스터 후보,https://maplestory.io/api/gms/62/mob/100100/icon?resize=2
차원의 다크아이,https://mapledb.kr/search.php?q=9300014&t=mob,round,cute,5,3,5,차원의 다크아이의 외형과 분위기를 기반으로 한 메이플 몬스터 후보,https://maplestory.io/api/gms/62/mob/100100/icon?resize=2
마스터 머슬스톤,https://mapledb.kr/search.php?q=9300019&t=mob,round,cute,5,3,5,마스터 머슬스톤의 외형과 분위기를 기반으로 한 메이플 몬스터 후보,https://maplestory.io/api/gms/62/mob/100100/icon?resize=2
머슬스톤,https://mapledb.kr/search.php?q=9300020&t=mob,round,cute,5,3,5,머슬스톤의 외형과 분위기를 기반으로 한 메이플 몬스터 후보,https://maplestory.io/api/gms/62/mob/100100/icon?resize=2
다크 머슬스톤,https://mapledb.kr/search.php?q=9300021&t=mob,round,cute,5,3,5,다크 머슬스톤의 외형과 분위기를 기반으로 한 메이플 몬스터 후보,https://maplestory.io/api/gms/62/mob/100100/icon?resize=2
블랙 나이트,https://mapledb.kr/search.php?q=9300022&t=mob,round,cute,5,3,5,블랙 나이트의 외형과 분위기를 기반으로 한 메이플 몬스터 후보,https://maplestory.io/api/gms/62/mob/100100/icon?resize=2
미스트 나이트,https://mapledb.kr/search.php?q=9300023&t=mob,round,cute,5,3,5,미스트 나이트의 외형과 분위기를 기반으로 한 메이플 몬스터 후보,https://maplestory.io/api/gms/62/mob/100100/icon?resize=2
퍼펫골렘,https://mapledb.kr/search.php?q=9300024&t=mob,round,cute,5,3,5,퍼펫골렘의 외형과 분위기를 기반으로 한 메이플 몬스터 후보,https://maplestory.io/api/gms/62/mob/100100/icon?resize=2
가고일,https://mapledb.kr/search.php?q=9300025&t=mob,round,cute,5,3,5,가고일의 외형과 분위기를 기반으로 한 메이플 몬스터 후보,https://maplestory.io/api/gms/62/mob/100100/icon?resize=2
주니어 가고일,https://mapledb.kr/search.php?q=9300026&t=mob,round,cute,5,3,5,주니어 가고일의 외형과 분위기를 기반으로 한 메이플 몬스터 후보,https://maplestory.io/api/gms/62/mob/100100/icon?resize=2
악마 슬라임,https://mapledb.kr/search.php?q=9300027&t=mob,round,cute,5,3,5,악마 슬라임의 외형과 분위기를 기반으로 한 메이플 몬스터 후보,https://maplestory.io/api/gms/62/mob/100100/icon?resize=2
에레고스,https://mapledb.kr/search.php?q=9300028&t=mob,round,cute,5,3,5,에레고스의 외형과 분위기를 기반으로 한 메이플 몬스터 후보,https://maplestory.io/api/gms/62/mob/100100/icon?resize=2
사자석상 A,https://mapledb.kr/search.php?q=9300029&t=mob,round,cute,5,3,5,사자석상 A의 외형과 분위기를 기반으로 한 메이플 몬스터 후보,https://maplestory.io/api/gms/62/mob/100100/icon?resize=2
사자석상 B,https://mapledb.kr/search.php?q=9300030&t=mob,round,cute,5,3,5,사자석상 B의 외형과 분위기를 기반으로 한 메이플 몬스터 후보,https://maplestory.io/api/gms/62/mob/100100/icon?resize=2
기사석상 A,https://mapledb.kr/search.php?q=9300031&t=mob,round,cute,5,3,5,기사석상 A의 외형과 분위기를 기반으로 한 메이플 몬스터 후보,https://maplestory.io/api/gms/62/mob/100100/icon?resize=2
기사석상 B,https://mapledb.kr/search.php?q=9300032&t=mob,round,cute,5,3,5,기사석상 B의 외형과 분위기를 기반으로 한 메이플 몬스터 후보,https://maplestory.io/api/gms/62/mob/100100/icon?resize=2
고스트픽시,https://mapledb.kr/search.php?q=9300038&t=mob,round,cute,5,3,5,고스트픽시의 외형과 분위기를 기반으로 한 메이플 몬스터 후보,https://maplestory.io/api/gms/62/mob/100100/icon?resize=2
파파픽시,https://mapledb.kr/search.php?q=9300039&t=mob,round,cute,5,3,5,파파픽시의 외형과 분위기를 기반으로 한 메이플 몬스터 후보,https://maplestory.io/api/gms/62/mob/100100/icon?resize=2
여신 탑의 샐리온,https://mapledb.kr/search.php?q=9300040&t=mob,round,cute,5,3,5,여신 탑의 샐리온의 외형과 분위기를 기반으로 한 메이플 몬스터 후보,https://maplestory.io/api/gms/62/mob/100100/icon?resize=2
여신 탑의 그류핀,https://mapledb.kr/search.php?q=9300042&t=mob,round,cute,5,3,5,여신 탑의 그류핀의 외형과 분위기를 기반으로 한 메이플 몬스터 후보,https://maplestory.io/api/gms/62/mob/100100/icon?resize=2
여신 탑의 라이오너,https://mapledb.kr/search.php?q=9300043&t=mob,round,cute,5,3,5,여신 탑의 라이오너의 외형과 분위기를 기반으로 한 메이플 몬스터 후보,https://maplestory.io/api/gms/62/mob/100100/icon?resize=2
여신 탑의 루이넬,https://mapledb.kr/search.php?q=9300044&t=mob,round,cute,5,3,5,여신 탑의 루이넬의 외형과 분위기를 기반으로 한 메이플 몬스터 후보,https://maplestory.io/api/gms/62/mob/100100/icon?resize=2
여신 탑의 루나픽시,https://mapledb.kr/search.php?q=9300045&t=mob,round,cute,5,3,5,여신 탑의 루나픽시의 외형과 분위기를 기반으로 한 메이플 몬스터 후보,https://maplestory.io/api/gms/62/mob/100100/icon?resize=2
여신 탑의 스타픽시,https://mapledb.kr/search.php?q=9300046&t=mob,round,cute,5,3,5,여신 탑의 스타픽시의 외형과 분위기를 기반으로 한 메이플 몬스터 후보,https://maplestory.io/api/gms/62/mob/100100/icon?resize=2
여신 탑의 러스터픽시,https://mapledb.kr/search.php?q=9300047&t=mob,round,cute,5,3,5,여신 탑의 러스터픽시의 외형과 분위기를 기반으로 한 메이플 몬스터 후보,https://maplestory.io/api/gms/62/mob/100100/icon?resize=2
여신 탑의 네펜데스,https://mapledb.kr/search.php?q=9300048&t=mob,round,cute,5,3,5,여신 탑의 네펜데스의 외형과 분위기를 기반으로 한 메이플 몬스터 후보,https://maplestory.io/api/gms/62/mob/100100/icon?resize=2
여신 탑의 로얄 네펜데스,https://mapledb.kr/search.php?q=9300049&t=mob,round,cute,5,3,5,여신 탑의 로얄 네펜데스의 외형과 분위기를 기반으로 한 메이플 몬스터 후보,https://maplestory.io/api/gms/62/mob/100100/icon?resize=2
플라잉 부기,https://mapledb.kr/search.php?q=9300050&t=mob,round,cute,5,3,5,플라잉 부기의 외형과 분위기를 기반으로 한 메이플 몬스터 후보,https://maplestory.io/api/gms/62/mob/100100/icon?resize=2
여신 탑의 주니어 샐리온,https://mapledb.kr/search.php?q=9300051&t=mob,round,cute,5,3,5,여신 탑의 주니어 샐리온의 외형과 분위기를 기반으로 한 메이플 몬스터 후보,https://maplestory.io/api/gms/62/mob/100100/icon?resize=2
여신 탑의 주니어 라이오너,https://mapledb.kr/search.php?q=9300052&t=mob,round,cute,5,3,5,여신 탑의 주니어 라이오너의 외형과 분위기를 기반으로 한 메이플 몬스터 후보,https://maplestory.io/api/gms/62/mob/100100/icon?resize=2
여신 탑의 주니어 그류핀,https://mapledb.kr/search.php?q=9300053&t=mob,round,cute,5,3,5,여신 탑의 주니어 그류핀의 외형과 분위기를 기반으로 한 메이플 몬스터 후보,https://maplestory.io/api/gms/62/mob/100100/icon?resize=2
여신 탑의 루나픽시(보스 소환용),https://mapledb.kr/search.php?q=9300054&t=mob,round,cute,5,3,5,여신 탑의 루나픽시(보스 소환용)의 외형과 분위기를 기반으로 한 메이플 몬스터 후보,https://maplestory.io/api/gms/62/mob/100100/icon?resize=2
여신 탑의 스타픽시(보스 소환용),https://mapledb.kr/search.php?q=9300055&t=mob,round,cute,5,3,5,여신 탑의 스타픽시(보스 소환용)의 외형과 분위기를 기반으로 한 메이플 몬스터 후보,https://maplestory.io/api/gms/62/mob/100100/icon?resize=2
여신 탑의 러스터픽시(보스 소환용),https://mapledb.kr/search.php?q=9300056&t=mob,round,cute,5,3,5,여신 탑의 러스터픽시(보스 소환용)의 외형과 분위기를 기반으로 한 메이플 몬스터 후보,https://maplestory.io/api/gms/62/mob/100100/icon?resize=2
도깨비불,https://mapledb.kr/search.php?q=9300064&t=mob,round,cute,5,3,5,도깨비불의 외형과 분위기를 기반으로 한 메이플 몬스터 후보,https://maplestory.io/api/gms/62/mob/100100/icon?resize=2
동굴 그린 코니언1,https://mapledb.kr/search.php?q=9300065&t=mob,round,cute,5,3,5,동굴 그린 코니언1의 외형과 분위기를 기반으로 한 메이플 몬스터 후보,https://maplestory.io/api/gms/62/mob/100100/icon?resize=2
동굴 그린 코니언2,https://mapledb.kr/search.php?q=9300066&t=mob,round,cute,5,3,5,동굴 그린 코니언2의 외형과 분위기를 기반으로 한 메이플 몬스터 후보,https://maplestory.io/api/gms/62/mob/100100/icon?resize=2
동굴 다크 코니언1,https://mapledb.kr/search.php?q=9300067&t=mob,round,cute,5,3,5,동굴 다크 코니언1의 외형과 분위기를 기반으로 한 메이플 몬스터 후보,https://maplestory.io/api/gms/62/mob/100100/icon?resize=2
동굴 다크 코니언2,https://mapledb.kr/search.php?q=9300068&t=mob,round,cute,5,3,5,동굴 다크 코니언2의 외형과 분위기를 기반으로 한 메이플 몬스터 후보,https://maplestory.io/api/gms/62/mob/100100/icon?resize=2
동굴 레드 와이번1,https://mapledb.kr/search.php?q=9300069&t=mob,round,cute,5,3,5,동굴 레드 와이번1의 외형과 분위기를 기반으로 한 메이플 몬스터 후보,https://maplestory.io/api/gms/62/mob/100100/icon?resize=2
동굴 레드 와이번2,https://mapledb.kr/search.php?q=9300070&t=mob,round,cute,5,3,5,동굴 레드 와이번2의 외형과 분위기를 기반으로 한 메이플 몬스터 후보,https://maplestory.io/api/gms/62/mob/100100/icon?resize=2
동굴 블루 와이번1,https://mapledb.kr/search.php?q=9300071&t=mob,round,cute,5,3,5,동굴 블루 와이번1의 외형과 분위기를 기반으로 한 메이플 몬스터 후보,https://maplestory.io/api/gms/62/mob/100100/icon?resize=2
동굴 블루 와이번2,https://mapledb.kr/search.php?q=9300072&t=mob,round,cute,5,3,5,동굴 블루 와이번2의 외형과 분위기를 기반으로 한 메이플 몬스터 후보,https://maplestory.io/api/gms/62/mob/100100/icon?resize=2
동굴 다크 와이번1,https://mapledb.kr/search.php?q=9300073&t=mob,round,cute,5,3,5,동굴 다크 와이번1의 외형과 분위기를 기반으로 한 메이플 몬스터 후보,https://maplestory.io/api/gms/62/mob/100100/icon?resize=2
동굴 다크 와이번2,https://mapledb.kr/search.php?q=9300074&t=mob,round,cute,5,3,5,동굴 다크 와이번2의 외형과 분위기를 기반으로 한 메이플 몬스터 후보,https://maplestory.io/api/gms/62/mob/100100/icon?resize=2
동굴 스켈레곤1,https://mapledb.kr/search.php?q=9300075&t=mob,round,cute,5,3,5,동굴 스켈레곤1의 외형과 분위기를 기반으로 한 메이플 몬스터 후보,https://maplestory.io/api/gms/62/mob/100100/icon?resize=2
동굴 스켈레곤2,https://mapledb.kr/search.php?q=9300076&t=mob,round,cute,5,3,5,동굴 스켈레곤2의 외형과 분위기를 기반으로 한 메이플 몬스터 후보,https://maplestory.io/api/gms/62/mob/100100/icon?resize=2
동굴 T-스켈래곤,https://mapledb.kr/search.php?q=9300077&t=mob,round,cute,5,3,5,동굴 T-스켈래곤의 외형과 분위기를 기반으로 한 메이플 몬스터 후보,https://maplestory.io/api/gms/62/mob/100100/icon?resize=2
동굴 뉴트주니어,https://mapledb.kr/search.php?q=9300078&t=mob,round,cute,5,3,5,동굴 뉴트주니어의 외형과 분위기를 기반으로 한 메이플 몬스터 후보,https://maplestory.io/api/gms/62/mob/100100/icon?resize=2
동굴 네스트골렘,https://mapledb.kr/search.php?q=9300079&t=mob,round,cute,5,3,5,동굴 네스트골렘의 외형과 분위기를 기반으로 한 메이플 몬스터 후보,https://maplestory.io/api/gms/62/mob/100100/icon?resize=2
죽음의 공포,https://mapledb.kr/search.php?q=9300084&t=mob,round,cute,5,3,5,죽음의 공포의 외형과 분위기를 기반으로 한 메이플 몬스터 후보,https://maplestory.io/api/gms/62/mob/100100/icon?resize=2
이계의 주니어 발록,https://mapledb.kr/search.php?q=9300085&t=mob,round,cute,5,3,5,이계의 주니어 발록의 외형과 분위기를 기반으로 한 메이플 몬스터 후보,https://maplestory.io/api/gms/62/mob/100100/icon?resize=2
속성의 타나토스,https://mapledb.kr/search.php?q=9300086&t=mob,round,cute,5,3,5,속성의 타나토스의 외형과 분위기를 기반으로 한 메이플 몬스터 후보,https://maplestory.io/api/gms/62/mob/100100/icon?resize=2
돌진 타우로스피어,https://mapledb.kr/search.php?q=9300087&t=mob,round,cute,5,3,5,돌진 타우로스피어의 외형과 분위기를 기반으로 한 메이플 몬스터 후보,https://maplestory.io/api/gms/62/mob/100100/icon?resize=2
다크로드의 제자,https://mapledb.kr/search.php?q=9300088&t=mob,round,cute,5,3,5,다크로드의 제자의 외형과 분위기를 기반으로 한 메이플 몬스터 후보,https://maplestory.io/api/gms/62/mob/100100/icon?resize=2
피닉스,https://mapledb.kr/search.php?q=9300089&t=mob,round,cute,5,3,5,피닉스의 외형과 분위기를 기반으로 한 메이플 몬스터 후보,https://maplestory.io/api/gms/62/mob/100100/icon?resize=2
프리저,https://mapledb.kr/search.php?q=9300090&t=mob,round,cute,5,3,5,프리저의 외형과 분위기를 기반으로 한 메이플 몬스터 후보,https://maplestory.io/api/gms/62/mob/100100/icon?resize=2
어둠의 머슬스톤,https://mapledb.kr/search.php?q=9300091&t=mob,round,cute,5,3,5,어둠의 머슬스톤의 외형과 분위기를 기반으로 한 메이플 몬스터 후보,https://maplestory.io/api/gms/62/mob/100100/icon?resize=2
잊혀진 신전의 주니어 발록,https://mapledb.kr/search.php?q=9300092&t=mob,round,cute,5,3,5,잊혀진 신전의 주니어 발록의 외형과 분위기를 기반으로 한 메이플 몬스터 후보,https://maplestory.io/api/gms/62/mob/100100/icon?resize=2
타일러스,https://mapledb.kr/search.php?q=9300093&t=mob,round,cute,5,3,5,타일러스의 외형과 분위기를 기반으로 한 메이플 몬스터 후보,https://maplestory.io/api/gms/62/mob/100100/icon?resize=2
납치범 크림슨 발록,https://mapledb.kr/search.php?q=9300094&t=mob,round,cute,5,3,5,납치범 크림슨 발록의 외형과 분위기를 기반으로 한 메이플 몬스터 후보,https://maplestory.io/api/gms/62/mob/100100/icon?resize=2
납치범 라이칸스로프,https://mapledb.kr/search.php?q=9300095&t=mob,round,cute,5,3,5,납치범 라이칸스로프의 외형과 분위기를 기반으로 한 메이플 몬스터 후보,https://maplestory.io/api/gms/62/mob/100100/icon?resize=2
일그러진 차원의 망둥이,https://mapledb.kr/search.php?q=9300097&t=mob,round,cute,5,3,5,일그러진 차원의 망둥이의 외형과 분위기를 기반으로 한 메이플 몬스터 후보,https://maplestory.io/api/gms/62/mob/100100/icon?resize=2
일그러진 차원의 본피쉬,https://mapledb.kr/search.php?q=9300098&t=mob,round,cute,5,3,5,일그러진 차원의 본피쉬의 외형과 분위기를 기반으로 한 메이플 몬스터 후보,https://maplestory.io/api/gms/62/mob/100100/icon?resize=2
일그러진 차원의 샤크,https://mapledb.kr/search.php?q=9300099&t=mob,round,cute,5,3,5,일그러진 차원의 샤크의 외형과 분위기를 기반으로 한 메이플 몬스터 후보,https://maplestory.io/api/gms/62/mob/100100/icon?resize=2
길들일 수 있는 멧돼지,https://mapledb.kr/search.php?q=9300101&t=mob,round,cute,5,3,5,길들일 수 있는 멧돼지의 외형과 분위기를 기반으로 한 메이플 몬스터 후보,https://maplestory.io/api/gms/62/mob/100100/icon?resize=2
호위용 멧돼지,https://mapledb.kr/search.php?q=9300102&t=mob,round,cute,5,3,5,호위용 멧돼지의 외형과 분위기를 기반으로 한 메이플 몬스터 후보,https://maplestory.io/api/gms/62/mob/100100/icon?resize=2
화난 데비존,https://mapledb.kr/search.php?q=9300105&t=mob,round,cute,5,3,5,화난 데비존의 외형과 분위기를 기반으로 한 메이플 몬스터 후보,https://maplestory.io/api/gms/62/mob/100100/icon?resize=2
분노한 데비존,https://mapledb.kr/search.php?q=9300106&t=mob,round,cute,5,3,5,분노한 데비존의 외형과 분위기를 기반으로 한 메이플 몬스터 후보,https://maplestory.io/api/gms/62/mob/100100/icon?resize=2
엿보는 데비존,https://mapledb.kr/search.php?q=9300107&t=mob,round,cute,5,3,5,엿보는 데비존의 외형과 분위기를 기반으로 한 메이플 몬스터 후보,https://maplestory.io/api/gms/62/mob/100100/icon?resize=2
데비존의 단지,https://mapledb.kr/search.php?q=9300108&t=mob,round,cute,5,3,5,데비존의 단지의 외형과 분위기를 기반으로 한 메이플 몬스터 후보,https://maplestory.io/api/gms/62/mob/100100/icon?resize=2
데비존의 삼단지,https://mapledb.kr/search.php?q=9300109&t=mob,round,cute,5,3,5,데비존의 삼단지의 외형과 분위기를 기반으로 한 메이플 몬스터 후보,https://maplestory.io/api/gms/62/mob/100100/icon?resize=2
데비존의 도라지,https://mapledb.kr/search.php?q=9300110&t=mob,round,cute,5,3,5,데비존의 도라지의 외형과 분위기를 기반으로 한 메이플 몬스터 후보,https://maplestory.io/api/gms/62/mob/100100/icon?resize=2
데비존의 늙은 도라지,https://mapledb.kr/search.php?q=9300111&t=mob,round,cute,5,3,5,데비존의 늙은 도라지의 외형과 분위기를 기반으로 한 메이플 몬스터 후보,https://maplestory.io/api/gms/62/mob/100100/icon?resize=2
데비존의 100년 된 도라지,https://mapledb.kr/search.php?q=9300112&t=mob,round,cute,5,3,5,데비존의 100년 된 도라지의 외형과 분위기를 기반으로 한 메이플 몬스터 후보,https://maplestory.io/api/gms/62/mob/100100/icon?resize=2
데비존의 100년 된 늙은 도라지,https://mapledb.kr/search.php?q=9300113&t=mob,round,cute,5,3,5,데비존의 100년 된 늙은 도라지의 외형과 분위기를 기반으로 한 메이플 몬스터 후보,https://maplestory.io/api/gms/62/mob/100100/icon?resize=2
데비존의 사나운 게비알,https://mapledb.kr/search.php?q=9300114&t=mob,round,cute,5,3,5,데비존의 사나운 게비알의 외형과 분위기를 기반으로 한 메이플 몬스터 후보,https://maplestory.io/api/gms/62/mob/100100/icon?resize=2
데비존의 사나운 크루,https://mapledb.kr/search.php?q=9300115&t=mob,round,cute,5,3,5,데비존의 사나운 크루의 외형과 분위기를 기반으로 한 메이플 몬스터 후보,https://maplestory.io/api/gms/62/mob/100100/icon?resize=2
데비존의 사나운 캡틴,https://mapledb.kr/search.php?q=9300116&t=mob,round,cute,5,3,5,데비존의 사나운 캡틴의 외형과 분위기를 기반으로 한 메이플 몬스터 후보,https://maplestory.io/api/gms/62/mob/100100/icon?resize=2
데비존의 심복 크루,https://mapledb.kr/search.php?q=9300117&t=mob,round,cute,5,3,5,데비존의 심복 크루의 외형과 분위기를 기반으로 한 메이플 몬스터 후보,https://maplestory.io/api/gms/62/mob/100100/icon?resize=2
데비존의 심복 캡틴,https://mapledb.kr/search.php?q=9300118&t=mob,round,cute,5,3,5,데비존의 심복 캡틴의 외형과 분위기를 기반으로 한 메이플 몬스터 후보,https://maplestory.io/api/gms/62/mob/100100/icon?resize=2
데비존,https://mapledb.kr/search.php?q=9300119&t=mob,round,cute,5,3,5,데비존의 외형과 분위기를 기반으로 한 메이플 몬스터 후보,https://maplestory.io/api/gms/62/mob/100100/icon?resize=2
데비존의 더 사나운 게비알,https://mapledb.kr/search.php?q=9300120&t=mob,round,cute,5,3,5,데비존의 더 사나운 게비알의 외형과 분위기를 기반으로 한 메이플 몬스터 후보,https://maplestory.io/api/gms/62/mob/100100/icon?resize=2
데비존의 더 사나운 크루,https://mapledb.kr/search.php?q=9300121&t=mob,round,cute,5,3,5,데비존의 더 사나운 크루의 외형과 분위기를 기반으로 한 메이플 몬스터 후보,https://maplestory.io/api/gms/62/mob/100100/icon?resize=2
데비존의 더 사나운 캡틴,https://mapledb.kr/search.php?q=9300122&t=mob,round,cute,5,3,5,데비존의 더 사나운 캡틴의 외형과 분위기를 기반으로 한 메이플 몬스터 후보,https://maplestory.io/api/gms/62/mob/100100/icon?resize=2
데비존의 게비알,https://mapledb.kr/search.php?q=9300123&t=mob,round,cute,5,3,5,데비존의 게비알의 외형과 분위기를 기반으로 한 메이플 몬스터 후보,https://maplestory.io/api/gms/62/mob/100100/icon?resize=2
데비존의 크루,https://mapledb.kr/search.php?q=9300124&t=mob,round,cute,5,3,5,데비존의 크루의 외형과 분위기를 기반으로 한 메이플 몬스터 후보,https://maplestory.io/api/gms/62/mob/100100/icon?resize=2
데비존의 캡틴,https://mapledb.kr/search.php?q=9300125&t=mob,round,cute,5,3,5,데비존의 캡틴의 외형과 분위기를 기반으로 한 메이플 몬스터 후보,https://maplestory.io/api/gms/62/mob/100100/icon?resize=2
데비존의 사나운 삼단지,https://mapledb.kr/search.php?q=9300126&t=mob,round,cute,5,3,5,데비존의 사나운 삼단지의 외형과 분위기를 기반으로 한 메이플 몬스터 후보,https://maplestory.io/api/gms/62/mob/100100/icon?resize=2
줄리엣,https://mapledb.kr/search.php?q=9300137&t=mob,round,cute,5,3,5,줄리엣의 외형과 분위기를 기반으로 한 메이플 몬스터 후보,https://maplestory.io/api/gms/62/mob/100100/icon?resize=2
로미오,https://mapledb.kr/search.php?q=9300138&t=mob,round,cute,5,3,5,로미오의 외형과 분위기를 기반으로 한 메이플 몬스터 후보,https://maplestory.io/api/gms/62/mob/100100/icon?resize=2
프랑켄로이드,https://mapledb.kr/search.php?q=9300139&t=mob,round,cute,5,3,5,프랑켄로이드의 외형과 분위기를 기반으로 한 메이플 몬스터 후보,https://maplestory.io/api/gms/62/mob/100100/icon?resize=2
화난 프랑켄로이드,https://mapledb.kr/search.php?q=9300140&t=mob,round,cute,5,3,5,화난 프랑켄로이드의 외형과 분위기를 기반으로 한 메이플 몬스터 후보,https://maplestory.io/api/gms/62/mob/100100/icon?resize=2
폐쇄된 연구실의 호문,https://mapledb.kr/search.php?q=9300141&t=mob,round,cute,5,3,5,폐쇄된 연구실의 호문의 외형과 분위기를 기반으로 한 메이플 몬스터 후보,https://maplestory.io/api/gms/62/mob/100100/icon?resize=2
숨겨진 연구실의 호문쿨루,https://mapledb.kr/search.php?q=9300142&t=mob,round,cute,5,3,5,숨겨진 연구실의 호문쿨루의 외형과 분위기를 기반으로 한 메이플 몬스터 후보,https://maplestory.io/api/gms/62/mob/100100/icon?resize=2
방해물 뮤테,https://mapledb.kr/search.php?q=9300153&t=mob,round,cute,5,3,5,방해물 뮤테의 외형과 분위기를 기반으로 한 메이플 몬스터 후보,https://maplestory.io/api/gms/62/mob/100100/icon?resize=2
실험용 네오 휴로이드,https://mapledb.kr/search.php?q=9300154&t=mob,round,cute,5,3,5,실험용 네오 휴로이드의 외형과 분위기를 기반으로 한 메이플 몬스터 후보,https://maplestory.io/api/gms/62/mob/100100/icon?resize=2
검은 마법사의 수하,https://mapledb.kr/search.php?q=9300156&t=mob,round,cute,5,3,5,검은 마법사의 수하의 외형과 분위기를 기반으로 한 메이플 몬스터 후보,https://maplestory.io/api/gms/62/mob/100100/icon?resize=2
카이린,https://mapledb.kr/search.php?q=9300158&t=mob,round,cute,5,3,5,카이린의 외형과 분위기를 기반으로 한 메이플 몬스터 후보,https://maplestory.io/api/gms/62/mob/100100/icon?resize=2
델리,https://mapledb.kr/search.php?q=9300162&t=mob,round,cute,5,3,5,델리의 외형과 분위기를 기반으로 한 메이플 몬스터 후보,https://maplestory.io/api/gms/62/mob/100100/icon?resize=2
폭탄,https://mapledb.kr/search.php?q=9300166&t=mob,round,cute,5,3,5,폭탄의 외형과 분위기를 기반으로 한 메이플 몬스터 후보,https://maplestory.io/api/gms/62/mob/100100/icon?resize=2
차원의 블랙라츠,https://mapledb.kr/search.php?q=9300170&t=mob,round,cute,5,3,5,차원의 블랙라츠의 외형과 분위기를 기반으로 한 메이플 몬스터 후보,https://maplestory.io/api/gms/62/mob/100100/icon?resize=2
중독된 트리로드,https://mapledb.kr/search.php?q=9300172&t=mob,round,cute,5,3,5,중독된 트리로드의 외형과 분위기를 기반으로 한 메이플 몬스터 후보,https://maplestory.io/api/gms/62/mob/100100/icon?resize=2
중독된 스톤버그,https://mapledb.kr/search.php?q=9300173&t=mob,round,cute,5,3,5,중독된 스톤버그의 외형과 분위기를 기반으로 한 메이플 몬스터 후보,https://maplestory.io/api/gms/62/mob/100100/icon?resize=2
포이즌 플라워,https://mapledb.kr/search.php?q=9300174&t=mob,round,cute,5,3,5,포이즌 플라워의 외형과 분위기를 기반으로 한 메이플 몬스터 후보,https://maplestory.io/api/gms/62/mob/100100/icon?resize=2
중독된 스프라이트,https://mapledb.kr/search.php?q=9300175&t=mob,round,cute,5,3,5,중독된 스프라이트의 외형과 분위기를 기반으로 한 메이플 몬스터 후보,https://maplestory.io/api/gms/62/mob/100100/icon?resize=2
멀쩡한 스프라이트,https://mapledb.kr/search.php?q=9300176&t=mob,round,cute,5,3,5,멀쩡한 스프라이트의 외형과 분위기를 기반으로 한 메이플 몬스터 후보,https://maplestory.io/api/gms/62/mob/100100/icon?resize=2
더 중독된 트리로드,https://mapledb.kr/search.php?q=9300177&t=mob,round,cute,5,3,5,더 중독된 트리로드의 외형과 분위기를 기반으로 한 메이플 몬스터 후보,https://maplestory.io/api/gms/62/mob/100100/icon?resize=2
더 중독된 스톤버그,https://mapledb.kr/search.php?q=9300178&t=mob,round,cute,5,3,5,더 중독된 스톤버그의 외형과 분위기를 기반으로 한 메이플 몬스터 후보,https://maplestory.io/api/gms/62/mob/100100/icon?resize=2
더 중독된 스프라이트,https://mapledb.kr/search.php?q=9300179&t=mob,round,cute,5,3,5,더 중독된 스프라이트의 외형과 분위기를 기반으로 한 메이플 몬스터 후보,https://maplestory.io/api/gms/62/mob/100100/icon?resize=2
포이즌 골렘,https://mapledb.kr/search.php?q=9300180&t=mob,round,cute,5,3,5,포이즌 골렘의 외형과 분위기를 기반으로 한 메이플 몬스터 후보,https://maplestory.io/api/gms/62/mob/100100/icon?resize=2
강화형 포이즌 골렘,https://mapledb.kr/search.php?q=9300181&t=mob,round,cute,5,3,5,강화형 포이즌 골렘의 외형과 분위기를 기반으로 한 메이플 몬스터 후보,https://maplestory.io/api/gms/62/mob/100100/icon?resize=2
초강화형 포이즌 골렘,https://mapledb.kr/search.php?q=9300182&t=mob,round,cute,5,3,5,초강화형 포이즌 골렘의 외형과 분위기를 기반으로 한 메이플 몬스터 후보,https://maplestory.io/api/gms/62/mob/100100/icon?resize=2
보스 몬스터 퇴치 체크용 투명 몬스터,https://mapledb.kr/search.php?q=9300183&t=mob,round,cute,5,3,5,보스 몬스터 퇴치 체크용 투명 몬스터의 외형과 분위기를 기반으로 한 메이플 몬스터 후보,https://maplestory.io/api/gms/62/mob/100100/icon?resize=2
킹슬라임,https://mapledb.kr/search.php?q=9300187&t=mob,round,cute,5,3,5,킹슬라임의 외형과 분위기를 기반으로 한 메이플 몬스터 후보,https://maplestory.io/api/gms/62/mob/100100/icon?resize=2
대왕지네,https://mapledb.kr/search.php?q=9300188&t=mob,round,cute,5,3,5,대왕지네의 외형과 분위기를 기반으로 한 메이플 몬스터 후보,https://maplestory.io/api/gms/62/mob/100100/icon?resize=2
까마귀,https://mapledb.kr/search.php?q=9400000&t=mob,round,cute,5,3,5,까마귀의 외형과 분위기를 기반으로 한 메이플 몬스터 후보,https://maplestory.io/api/gms/62/mob/100100/icon?resize=2
불너구리,https://mapledb.kr/search.php?q=9400001&t=mob,round,cute,5,3,5,불너구리의 외형과 분위기를 기반으로 한 메이플 몬스터 후보,https://maplestory.io/api/gms/62/mob/100100/icon?resize=2
구름여우,https://mapledb.kr/search.php?q=9400002&t=mob,round,cute,5,3,5,구름여우의 외형과 분위기를 기반으로 한 메이플 몬스터 후보,https://maplestory.io/api/gms/62/mob/100100/icon?resize=2
망령,https://mapledb.kr/search.php?q=9400003&t=mob,round,cute,5,3,5,망령의 외형과 분위기를 기반으로 한 메이플 몬스터 후보,https://maplestory.io/api/gms/62/mob/100100/icon?resize=2
큰 구름여우,https://mapledb.kr/search.php?q=9400004&t=mob,round,cute,5,3,5,큰 구름여우의 외형과 분위기를 기반으로 한 메이플 몬스터 후보,https://maplestory.io/api/gms/62/mob/100100/icon?resize=2
제등귀신,https://mapledb.kr/search.php?q=9400011&t=mob,round,cute,5,3,5,제등귀신의 외형과 분위기를 기반으로 한 메이플 몬스터 후보,https://maplestory.io/api/gms/62/mob/100100/icon?resize=2
물도깨비,https://mapledb.kr/search.php?q=9400012&t=mob,round,cute,5,3,5,물도깨비의 외형과 분위기를 기반으로 한 메이플 몬스터 후보,https://maplestory.io/api/gms/62/mob/100100/icon?resize=2
몽롱귀신,https://mapledb.kr/search.php?q=9400013&t=mob,round,cute,5,3,5,몽롱귀신의 외형과 분위기를 기반으로 한 메이플 몬스터 후보,https://maplestory.io/api/gms/62/mob/100100/icon?resize=2
천구,https://mapledb.kr/search.php?q=9400014&t=mob,round,cute,5,3,5,천구의 외형과 분위기를 기반으로 한 메이플 몬스터 후보,https://maplestory.io/api/gms/62/mob/100100/icon?resize=2
수하 A,https://mapledb.kr/search.php?q=9400100&t=mob,round,cute,5,3,5,수하 A의 외형과 분위기를 기반으로 한 메이플 몬스터 후보,https://maplestory.io/api/gms/62/mob/100100/icon?resize=2
수하 B,https://mapledb.kr/search.php?q=9400101&t=mob,round,cute,5,3,5,수하 B의 외형과 분위기를 기반으로 한 메이플 몬스터 후보,https://maplestory.io/api/gms/62/mob/100100/icon?resize=2
수하 C,https://mapledb.kr/search.php?q=9400102&t=mob,round,cute,5,3,5,수하 C의 외형과 분위기를 기반으로 한 메이플 몬스터 후보,https://maplestory.io/api/gms/62/mob/100100/icon?resize=2
수하 D,https://mapledb.kr/search.php?q=9400103&t=mob,round,cute,5,3,5,수하 D의 외형과 분위기를 기반으로 한 메이플 몬스터 후보,https://maplestory.io/api/gms/62/mob/100100/icon?resize=2
간부 A,https://mapledb.kr/search.php?q=9400110&t=mob,round,cute,5,3,5,간부 A의 외형과 분위기를 기반으로 한 메이플 몬스터 후보,https://maplestory.io/api/gms/62/mob/100100/icon?resize=2
간부 B,https://mapledb.kr/search.php?q=9400111&t=mob,round,cute,5,3,5,간부 B의 외형과 분위기를 기반으로 한 메이플 몬스터 후보,https://maplestory.io/api/gms/62/mob/100100/icon?resize=2
두목,https://mapledb.kr/search.php?q=9400120&t=mob,round,cute,5,3,5,두목의 외형과 분위기를 기반으로 한 메이플 몬스터 후보,https://maplestory.io/api/gms/62/mob/100100/icon?resize=2
여두목,https://mapledb.kr/search.php?q=9400121&t=mob,round,cute,5,3,5,여두목의 외형과 분위기를 기반으로 한 메이플 몬스터 후보,https://maplestory.io/api/gms/62/mob/100100/icon?resize=2
레드 슬라임,https://mapledb.kr/search.php?q=9400204&t=mob,round,cute,5,3,5,레드 슬라임의 외형과 분위기를 기반으로 한 메이플 몬스터 후보,https://maplestory.io/api/gms/62/mob/100100/icon?resize=2
블루머쉬맘,https://mapledb.kr/search.php?q=9400205&t=mob,round,cute,5,3,5,블루머쉬맘의 외형과 분위기를 기반으로 한 메이플 몬스터 후보,https://maplestory.io/api/gms/62/mob/100100/icon?resize=2
하급닌자,https://mapledb.kr/search.php?q=9400400&t=mob,round,cute,5,3,5,하급닌자의 외형과 분위기를 기반으로 한 메이플 몬스터 후보,https://maplestory.io/api/gms/62/mob/100100/icon?resize=2
중급닌자,https://mapledb.kr/search.php?q=9400401&t=mob,round,cute,5,3,5,중급닌자의 외형과 분위기를 기반으로 한 메이플 몬스터 후보,https://maplestory.io/api/gms/62/mob/100100/icon?resize=2
상급닌자,https://mapledb.kr/search.php?q=9400402&t=mob,round,cute,5,3,5,상급닌자의 외형과 분위기를 기반으로 한 메이플 몬스터 후보,https://maplestory.io/api/gms/62/mob/100100/icon?resize=2
닌자두목,https://mapledb.kr/search.php?q=9400403&t=mob,round,cute,5,3,5,닌자두목의 외형과 분위기를 기반으로 한 메이플 몬스터 후보,https://maplestory.io/api/gms/62/mob/100100/icon?resize=2
아시가루,https://mapledb.kr/search.php?q=9400404&t=mob,round,cute,5,3,5,아시가루의 외형과 분위기를 기반으로 한 메이플 몬스터 후보,https://maplestory.io/api/gms/62/mob/100100/icon?resize=2
갑주무사,https://mapledb.kr/search.php?q=9400405&t=mob,round,cute,5,3,5,갑주무사의 외형과 분위기를 기반으로 한 메이플 몬스터 후보,https://maplestory.io/api/gms/62/mob/100100/icon?resize=2
쿠노이치,https://mapledb.kr/search.php?q=9400406&t=mob,round,cute,5,3,5,쿠노이치의 외형과 분위기를 기반으로 한 메이플 몬스터 후보,https://maplestory.io/api/gms/62/mob/100100/icon?resize=2
두꺼비 영주,https://mapledb.kr/search.php?q=9400408&t=mob,round,cute,5,3,5,두꺼비 영주의 외형과 분위기를 기반으로 한 메이플 몬스터 후보,https://maplestory.io/api/gms/62/mob/100100/icon?resize=2
웨딩캔들,https://mapledb.kr/search.php?q=9400513&t=mob,round,cute,5,3,5,웨딩캔들의 외형과 분위기를 기반으로 한 메이플 몬스터 후보,https://maplestory.io/api/gms/62/mob/100100/icon?resize=2
튜토리얼Mob1,https://mapledb.kr/search.php?q=9409000&t=mob,round,cute,5,3,5,튜토리얼Mob1의 외형과 분위기를 기반으로 한 메이플 몬스터 후보,https://maplestory.io/api/gms/62/mob/100100/icon?resize=2
튜토리얼Mob2,https://mapledb.kr/search.php?q=9409001&t=mob,round,cute,5,3,5,튜토리얼Mob2의 외형과 분위기를 기반으로 한 메이플 몬스터 후보,https://maplestory.io/api/gms/62/mob/100100/icon?resize=2
들개,https://mapledb.kr/search.php?q=9410000&t=mob,round,cute,5,3,5,들개의 외형과 분위기를 기반으로 한 메이플 몬스터 후보,https://maplestory.io/api/gms/62/mob/100100/icon?resize=2
멋쟁이 들개,https://mapledb.kr/search.php?q=9410001&t=mob,round,cute,5,3,5,멋쟁이 들개의 외형과 분위기를 기반으로 한 메이플 몬스터 후보,https://maplestory.io/api/gms/62/mob/100100/icon?resize=2
험악한 들개,https://mapledb.kr/search.php?q=9410002&t=mob,round,cute,5,3,5,험악한 들개의 외형과 분위기를 기반으로 한 메이플 몬스터 후보,https://maplestory.io/api/gms/62/mob/100100/icon?resize=2
광대 원숭이,https://mapledb.kr/search.php?q=9410003&t=mob,round,cute,5,3,5,광대 원숭이의 외형과 분위기를 기반으로 한 메이플 몬스터 후보,https://maplestory.io/api/gms/62/mob/100100/icon?resize=2
폭주족 원숭이,https://mapledb.kr/search.php?q=9410004&t=mob,round,cute,5,3,5,폭주족 원숭이의 외형과 분위기를 기반으로 한 메이플 몬스터 후보,https://maplestory.io/api/gms/62/mob/100100/icon?resize=2
레드 버블티,https://mapledb.kr/search.php?q=9410005&t=mob,round,cute,5,3,5,레드 버블티의 외형과 분위기를 기반으로 한 메이플 몬스터 후보,https://maplestory.io/api/gms/62/mob/100100/icon?resize=2
옐로우 버블티,https://mapledb.kr/search.php?q=9410006&t=mob,round,cute,5,3,5,옐로우 버블티의 외형과 분위기를 기반으로 한 메이플 몬스터 후보,https://maplestory.io/api/gms/62/mob/100100/icon?resize=2
그린 버블티,https://mapledb.kr/search.php?q=9410007&t=mob,round,cute,5,3,5,그린 버블티의 외형과 분위기를 기반으로 한 메이플 몬스터 후보,https://maplestory.io/api/gms/62/mob/100100/icon?resize=2
예티 인형자판기,https://mapledb.kr/search.php?q=9410008&t=mob,round,cute,5,3,5,예티 인형자판기의 외형과 분위기를 기반으로 한 메이플 몬스터 후보,https://maplestory.io/api/gms/62/mob/100100/icon?resize=2
예티 인형,https://mapledb.kr/search.php?q=9410009&t=mob,round,cute,5,3,5,예티 인형의 외형과 분위기를 기반으로 한 메이플 몬스터 후보,https://maplestory.io/api/gms/62/mob/100100/icon?resize=2
주니어페페 인형자판기,https://mapledb.kr/search.php?q=9410010&t=mob,round,cute,5,3,5,주니어페페 인형자판기의 외형과 분위기를 기반으로 한 메이플 몬스터 후보,https://maplestory.io/api/gms/62/mob/100100/icon?resize=2
주니어페페 인형,https://mapledb.kr/search.php?q=9410011&t=mob,round,cute,5,3,5,주니어페페 인형의 외형과 분위기를 기반으로 한 메이플 몬스터 후보,https://maplestory.io/api/gms/62/mob/100100/icon?resize=2
인형자판기,https://mapledb.kr/search.php?q=9410012&t=mob,round,cute,5,3,5,인형자판기의 외형과 분위기를 기반으로 한 메이플 몬스터 후보,https://maplestory.io/api/gms/62/mob/100100/icon?resize=2
인형뽑기 기계,https://mapledb.kr/search.php?q=9410013&t=mob,round,cute,5,3,5,인형뽑기 기계의 외형과 분위기를 기반으로 한 메이플 몬스터 후보,https://maplestory.io/api/gms/62/mob/100100/icon?resize=2
포장마차,https://mapledb.kr/search.php?q=9410014&t=mob,round,cute,5,3,5,포장마차의 외형과 분위기를 기반으로 한 메이플 몬스터 후보,https://maplestory.io/api/gms/62/mob/100100/icon?resize=2
두꺼비,https://mapledb.kr/search.php?q=9420000&t=mob,round,cute,5,3,5,두꺼비의 외형과 분위기를 기반으로 한 메이플 몬스터 후보,https://maplestory.io/api/gms/62/mob/100100/icon?resize=2
개구리,https://mapledb.kr/search.php?q=9420001&t=mob,round,cute,5,3,5,개구리의 외형과 분위기를 기반으로 한 메이플 몬스터 후보,https://maplestory.io/api/gms/62/mob/100100/icon?resize=2
구렁이,https://mapledb.kr/search.php?q=9420002&t=mob,round,cute,5,3,5,구렁이의 외형과 분위기를 기반으로 한 메이플 몬스터 후보,https://maplestory.io/api/gms/62/mob/100100/icon?resize=2
빨간 도마뱀,https://mapledb.kr/search.php?q=9420003&t=mob,round,cute,5,3,5,빨간 도마뱀의 외형과 분위기를 기반으로 한 메이플 몬스터 후보,https://maplestory.io/api/gms/62/mob/100100/icon?resize=2
노란 도마뱀,https://mapledb.kr/search.php?q=9420004&t=mob,round,cute,5,3,5,노란 도마뱀의 외형과 분위기를 기반으로 한 메이플 몬스터 후보,https://maplestory.io/api/gms/62/mob/100100/icon?resize=2
흰 닭,https://mapledb.kr/search.php?q=9420005&t=mob,round,cute,5,3,5,흰 닭의 외형과 분위기를 기반으로 한 메이플 몬스터 후보,https://maplestory.io/api/gms/62/mob/100100/icon?resize=2
파이어 독,https://mapledb.kr/search.php?q=9500138&t=mob,round,cute,5,3,5,파이어 독의 외형과 분위기를 기반으로 한 메이플 몬스터 후보,https://maplestory.io/api/gms/62/mob/100100/icon?resize=2
코-크 돼지,https://mapledb.kr/search.php?q=9500143&t=mob,round,cute,5,3,5,코-크 돼지의 외형과 분위기를 기반으로 한 메이플 몬스터 후보,https://maplestory.io/api/gms/62/mob/100100/icon?resize=2
코-크 달팽이,https://mapledb.kr/search.php?q=9500144&t=mob,round,cute,5,3,5,코-크 달팽이의 외형과 분위기를 기반으로 한 메이플 몬스터 후보,https://maplestory.io/api/gms/62/mob/100100/icon?resize=2
코-크 씰,https://mapledb.kr/search.php?q=9500145&t=mob,round,cute,5,3,5,코-크 씰의 외형과 분위기를 기반으로 한 메이플 몬스터 후보,https://maplestory.io/api/gms/62/mob/100100/icon?resize=2
플레이 씰,https://mapledb.kr/search.php?q=9500146&t=mob,round,cute,5,3,5,플레이 씰의 외형과 분위기를 기반으로 한 메이플 몬스터 후보,https://maplestory.io/api/gms/62/mob/100100/icon?resize=2
예티와 코-크텀프,https://mapledb.kr/search.php?q=9500147&t=mob,round,cute,5,3,5,예티와 코-크텀프의 외형과 분위기를 기반으로 한 메이플 몬스터 후보,https://maplestory.io/api/gms/62/mob/100100/icon?resize=2
이글루 터틀,https://mapledb.kr/search.php?q=9500148&t=mob,round,cute,5,3,5,이글루 터틀의 외형과 분위기를 기반으로 한 메이플 몬스터 후보,https://maplestory.io/api/gms/62/mob/100100/icon?resize=2
코-크 골렘,https://mapledb.kr/search.php?q=9500149&t=mob,round,cute,5,3,5,코-크 골렘의 외형과 분위기를 기반으로 한 메이플 몬스터 후보,https://maplestory.io/api/gms/62/mob/100100/icon?resize=2
아이스 골렘,https://mapledb.kr/search.php?q=9500150&t=mob,round,cute,5,3,5,아이스 골렘의 외형과 분위기를 기반으로 한 메이플 몬스터 후보,https://maplestory.io/api/gms/62/mob/100100/icon?resize=2
코-크 슬라임,https://mapledb.kr/search.php?q=9500151&t=mob,round,cute,5,3,5,코-크 슬라임의 외형과 분위기를 기반으로 한 메이플 몬스터 후보,https://maplestory.io/api/gms/62/mob/100100/icon?resize=2
코-크 버섯,https://mapledb.kr/search.php?q=9500152&t=mob,round,cute,5,3,5,코-크 버섯의 외형과 분위기를 기반으로 한 메이플 몬스터 후보,https://maplestory.io/api/gms/62/mob/100100/icon?resize=2
코-크텀프,https://mapledb.kr/search.php?q=9500153&t=mob,round,cute,5,3,5,코-크텀프의 외형과 분위기를 기반으로 한 메이플 몬스터 후보,https://maplestory.io/api/gms/62/mob/100100/icon?resize=2
코-크텀프 라이트,https://mapledb.kr/search.php?q=9500154&t=mob,round,cute,5,3,5,코-크텀프 라이트의 외형과 분위기를 기반으로 한 메이플 몬스터 후보,https://maplestory.io/api/gms/62/mob/100100/icon?resize=2
황금돼지,https://mapledb.kr/search.php?q=9500167&t=mob,round,cute,5,3,5,황금돼지의 외형과 분위기를 기반으로 한 메이플 몬스터 후보,https://maplestory.io/api/gms/62/mob/100100/icon?resize=2
파파 픽시,https://mapledb.kr/search.php?q=9500170&t=mob,round,cute,5,3,5,파파 픽시의 외형과 분위기를 기반으로 한 메이플 몬스터 후보,https://maplestory.io/api/gms/62/mob/100100/icon?resize=2
블루 머쉬맘,https://mapledb.kr/search.php?q=9500176&t=mob,round,cute,5,3,5,블루 머쉬맘의 외형과 분위기를 기반으로 한 메이플 몬스터 후보,https://maplestory.io/api/gms/62/mob/100100/icon?resize=2
포장마차(변신전),https://mapledb.kr/search.php?q=9500178&t=mob,round,cute,5,3,5,포장마차(변신전)의 외형과 분위기를 기반으로 한 메이플 몬스터 후보,https://maplestory.io/api/gms/62/mob/100100/icon?resize=2
포장마차(변신후),https://mapledb.kr/search.php?q=9500179&t=mob,round,cute,5,3,5,포장마차(변신후)의 외형과 분위기를 기반으로 한 메이플 몬스터 후보,https://maplestory.io/api/gms/62/mob/100100/icon?resize=2
수박파수꾼 호걸,https://mapledb.kr/search.php?q=9500182&t=mob,round,cute,5,3,5,수박파수꾼 호걸의 외형과 분위기를 기반으로 한 메이플 몬스터 후보,https://maplestory.io/api/gms/62/mob/100100/icon?resize=2
라이드워드,https://mapledb.kr/search.php?q=9500184&t=mob,round,cute,5,3,5,라이드워드의 외형과 분위기를 기반으로 한 메이플 몬스터 후보,https://maplestory.io/api/gms/62/mob/100100/icon?resize=2
라이드워드Y,https://mapledb.kr/search.php?q=9500185&t=mob,round,cute,5,3,5,라이드워드Y의 외형과 분위기를 기반으로 한 메이플 몬스터 후보,https://maplestory.io/api/gms/62/mob/100100/icon?resize=2
라이드워드B,https://mapledb.kr/search.php?q=9500186&t=mob,round,cute,5,3,5,라이드워드B의 외형과 분위기를 기반으로 한 메이플 몬스터 후보,https://maplestory.io/api/gms/62/mob/100100/icon?resize=2
망가진 인형,https://mapledb.kr/search.php?q=9500187&t=mob,round,cute,5,3,5,망가진 인형의 외형과 분위기를 기반으로 한 메이플 몬스터 후보,https://maplestory.io/api/gms/62/mob/100100/icon?resize=2
부서진 인형,https://mapledb.kr/search.php?q=9500188&t=mob,round,cute,5,3,5,부서진 인형의 외형과 분위기를 기반으로 한 메이플 몬스터 후보,https://maplestory.io/api/gms/62/mob/100100/icon?resize=2
선물상자,https://mapledb.kr/search.php?q=9500189&t=mob,round,cute,5,3,5,선물상자의 외형과 분위기를 기반으로 한 메이플 몬스터 후보,https://maplestory.io/api/gms/62/mob/100100/icon?resize=2
삐에로 인형,https://mapledb.kr/search.php?q=9500190&t=mob,round,cute,5,3,5,삐에로 인형의 외형과 분위기를 기반으로 한 메이플 몬스터 후보,https://maplestory.io/api/gms/62/mob/100100/icon?resize=2
고스트,https://mapledb.kr/search.php?q=9500191&t=mob,round,cute,5,3,5,고스트의 외형과 분위기를 기반으로 한 메이플 몬스터 후보,https://maplestory.io/api/gms/62/mob/100100/icon?resize=2
호박기사,https://mapledb.kr/search.php?q=9500192&t=mob,round,cute,5,3,5,호박기사의 외형과 분위기를 기반으로 한 메이플 몬스터 후보,https://maplestory.io/api/gms/62/mob/100100/icon?resize=2
파이어 스티드,https://mapledb.kr/search.php?q=9500193&t=mob,round,cute,5,3,5,파이어 스티드의 외형과 분위기를 기반으로 한 메이플 몬스터 후보,https://maplestory.io/api/gms/62/mob/100100/icon?resize=2
거울 유령,https://mapledb.kr/search.php?q=9500194&t=mob,round,cute,5,3,5,거울 유령의 외형과 분위기를 기반으로 한 메이플 몬스터 후보,https://maplestory.io/api/gms/62/mob/100100/icon?resize=2
잭오랜턴,https://mapledb.kr/search.php?q=9500195&t=mob,round,cute,5,3,5,잭오랜턴의 외형과 분위기를 기반으로 한 메이플 몬스터 후보,https://maplestory.io/api/gms/62/mob/100100/icon?resize=2
유령,https://mapledb.kr/search.php?q=9500196&t=mob,round,cute,5,3,5,유령의 외형과 분위기를 기반으로 한 메이플 몬스터 후보,https://maplestory.io/api/gms/62/mob/100100/icon?resize=2
Zoo 발록,https://mapledb.kr/search.php?q=9500200&t=mob,round,cute,5,3,5,Zoo 발록의 외형과 분위기를 기반으로 한 메이플 몬스터 후보,https://maplestory.io/api/gms/62/mob/100100/icon?resize=2
Zoo 예티,https://mapledb.kr/search.php?q=9500201&t=mob,round,cute,5,3,5,Zoo 예티의 외형과 분위기를 기반으로 한 메이플 몬스터 후보,https://maplestory.io/api/gms/62/mob/100100/icon?resize=2
Zoo 화이트팽,https://mapledb.kr/search.php?q=9500202&t=mob,round,cute,5,3,5,Zoo 화이트팽의 외형과 분위기를 기반으로 한 메이플 몬스터 후보,https://maplestory.io/api/gms/62/mob/100100/icon?resize=2
Zoo 돼지,https://mapledb.kr/search.php?q=9500203&t=mob,round,cute,5,3,5,Zoo 돼지의 외형과 분위기를 기반으로 한 메이플 몬스터 후보,https://maplestory.io/api/gms/62/mob/100100/icon?resize=2
Zoo 리본돼지,https://mapledb.kr/search.php?q=9500204&t=mob,round,cute,5,3,5,Zoo 리본돼지의 외형과 분위기를 기반으로 한 메이플 몬스터 후보,https://maplestory.io/api/gms/62/mob/100100/icon?resize=2
호박밭의 잭오랜턴,https://mapledb.kr/search.php?q=9500302&t=mob,round,cute,5,3,5,호박밭의 잭오랜턴의 외형과 분위기를 기반으로 한 메이플 몬스터 후보,https://maplestory.io/api/gms/62/mob/100100/icon?resize=2
거울 유령2,https://mapledb.kr/search.php?q=9500303&t=mob,round,cute,5,3,5,거울 유령2의 외형과 분위기를 기반으로 한 메이플 몬스터 후보,https://maplestory.io/api/gms/62/mob/100100/icon?resize=2
거울 유령3,https://mapledb.kr/search.php?q=9500304&t=mob,round,cute,5,3,5,거울 유령3의 외형과 분위기를 기반으로 한 메이플 몬스터 후보,https://maplestory.io/api/gms/62/mob/100100/icon?resize=2
꼬마 눈사람,https://mapledb.kr/search.php?q=9500317&t=mob,round,cute,5,3,5,꼬마 눈사람의 외형과 분위기를 기반으로 한 메이플 몬스터 후보,https://maplestory.io/api/gms/62/mob/100100/icon?resize=2
화난 눈사람,https://mapledb.kr/search.php?q=9500318&t=mob,round,cute,5,3,5,화난 눈사람의 외형과 분위기를 기반으로 한 메이플 몬스터 후보,https://maplestory.io/api/gms/62/mob/100100/icon?resize=2
거대 눈사람,https://mapledb.kr/search.php?q=9500319&t=mob,round,cute,5,3,5,거대 눈사람의 외형과 분위기를 기반으로 한 메이플 몬스터 후보,https://maplestory.io/api/gms/62/mob/100100/icon?resize=2
길잃은 루돌프,https://mapledb.kr/search.php?q=9500320&t=mob,round,cute,5,3,5,길잃은 루돌프의 외형과 분위기를 기반으로 한 메이플 몬스터 후보,https://maplestory.io/api/gms/62/mob/100100/icon?resize=2
눈사람,https://mapledb.kr/search.php?q=9500321&t=mob,round,cute,5,3,5,눈사람의 외형과 분위기를 기반으로 한 메이플 몬스터 후보,https://maplestory.io/api/gms/62/mob/100100/icon?resize=2
치즈 창고 고양이,https://mapledb.kr/search.php?q=9500323&t=mob,round,cute,5,3,5,치즈 창고 고양이의 외형과 분위기를 기반으로 한 메이플 몬스터 후보,https://maplestory.io/api/gms/62/mob/100100/icon?resize=2
크림슨발록,https://mapledb.kr/search.php?q=9500328&t=mob,round,cute,5,3,5,크림슨발록의 외형과 분위기를 기반으로 한 메이플 몬스터 후보,https://maplestory.io/api/gms/62/mob/100100/icon?resize=2
프랑켄 로이드,https://mapledb.kr/search.php?q=9500335&t=mob,round,cute,5,3,5,프랑켄 로이드의 외형과 분위기를 기반으로 한 메이플 몬스터 후보,https://maplestory.io/api/gms/62/mob/100100/icon?resize=2
박,https://mapledb.kr/search.php?q=9500400&t=mob,round,cute,5,3,5,박의 외형과 분위기를 기반으로 한 메이플 몬스터 후보,https://maplestory.io/api/gms/62/mob/100100/icon?resize=2
닭,https://mapledb.kr/search.php?q=9600001&t=mob,round,cute,5,3,5,닭의 외형과 분위기를 기반으로 한 메이플 몬스터 후보,https://maplestory.io/api/gms/62/mob/100100/icon?resize=2
오리,https://mapledb.kr/search.php?q=9600002&t=mob,round,cute,5,3,5,오리의 외형과 분위기를 기반으로 한 메이플 몬스터 후보,https://maplestory.io/api/gms/62/mob/100100/icon?resize=2
양,https://mapledb.kr/search.php?q=9600003&t=mob,round,cute,5,3,5,양의 외형과 분위기를 기반으로 한 메이플 몬스터 후보,https://maplestory.io/api/gms/62/mob/100100/icon?resize=2
염소,https://mapledb.kr/search.php?q=9600004&t=mob,round,cute,5,3,5,염소의 외형과 분위기를 기반으로 한 메이플 몬스터 후보,https://maplestory.io/api/gms/62/mob/100100/icon?resize=2
흑염소,https://mapledb.kr/search.php?q=9600005&t=mob,round,cute,5,3,5,흑염소의 외형과 분위기를 기반으로 한 메이플 몬스터 후보,https://maplestory.io/api/gms/62/mob/100100/icon?resize=2
소,https://mapledb.kr/search.php?q=9600006&t=mob,round,cute,5,3,5,소의 외형과 분위기를 기반으로 한 메이플 몬스터 후보,https://maplestory.io/api/gms/62/mob/100100/icon?resize=2
쟁기소,https://mapledb.kr/search.php?q=9600007&t=mob,round,cute,5,3,5,쟁기소의 외형과 분위기를 기반으로 한 메이플 몬스터 후보,https://maplestory.io/api/gms/62/mob/100100/icon?resize=2
검은 양,https://mapledb.kr/search.php?q=9600008&t=mob,round,cute,5,3,5,검은 양의 외형과 분위기를 기반으로 한 메이플 몬스터 후보,https://maplestory.io/api/gms/62/mob/100100/icon?resize=2
